condition,angle_deg,paired_auc,auc_ci_low,auc_ci_high,paired_fraction,fraction_ci_low,fraction_ci_high,paired_dz,dz_ci_low,dz_ci_high,simultaneous_fraction_low,simultaneous_fraction_high
coherent,0.0,0.016392713772658468,0.016390645275259918,0.016394855325003704,0.013737878425106412,0.01373604134103071,0.01373972831431082,2899.4302681619215,2441.6151774185237,3836.2512951531835,0.01373515426020161,0.013740602590011222
coherent,5.0,0.01634702973948529,0.01634496834294791,0.016349165353612582,0.013699593019535638,0.013697760087415186,0.013701438364633098,2898.770256971704,2441.1757643165624,3835.2334023564845,0.013696875827942288,0.013702310211128992
coherent,10.0,0.01620982034086978,0.016207780740952325,0.01621193815234248,0.013584604978657705,0.013582784812463368,0.01358643613868266,2896.7851775626996,2440.611747207101,3832.139663080037,0.01358190874753202,0.01358730120978339
coherent,15.0,0.015980611660166243,0.015978606160426838,0.015982698123100537,0.013392517137657484,0.013390721695859175,0.013394324325122747,2893.459766214696,2438.092643921697,3826.5658675371687,0.0133898559766201,0.013395178298694861
coherent,20.0,0.015658607053716106,0.01565663622981632,0.01566065471448897,0.013122661871048075,0.013120896153813068,0.013124437012265216,2888.7681596851576,2435.455321745205,3819.685909401752,0.013120050096752961,0.013125273645343202
coherent,25.0,0.015242676794926802,0.015240758790680755,0.015244672012181626,0.012774092413913843,0.012772373125132018,0.012775826631484988,2882.6732523928495,2432.434734757416,3806.150053058799,0.012771544639167248,0.012776640188660445
coherent,30.0,0.014731343203907926,0.014729482934396949,0.01473328105503732,0.012345570399834574,0.01234390924598232,0.012347250954984427,2875.125780774694,2427.3964850463954,3790.0069502949327,0.012343101629417241,0.012348039170251906
coherent,35.0,0.014122760871443771,0.014120972267556145,0.0141246231103409,0.011835549287628968,0.011833951516796287,0.011837168132275167,2866.0631213306174,2422.421124210881,3776.604965369493,0.011833175023338444,0.011837923551919486
coherent,40.0,0.013414691445595225,0.013412986384437933,0.013416470762861414,0.011242153231321605,0.011240633885959852,0.011243697962110314,2855.4077909366833,2416.4012832716817,3756.2750893811026,0.011239889589268038,0.011244416873375176
coherent,45.0,0.01260447228470335,0.012602863752488508,0.012606151120262352,0.010563150809861213,0.010561719898124062,0.010564608965862352,2843.0656382385055,2409.071035765045,3734.615150959622,0.01056101465375414,0.01056528696596829
coherent,50.0,0.011688978083582177,0.011687477063574325,0.01169055049011063,0.009795922868035488,0.009794590366159307,0.009797280222747057,2828.923729656505,2401.0952684547196,3710.723863787131,0.009793931963153658,0.00979791377291732
coherent,55.0,0.01066457433963732,0.010663198571848597,0.0106660313598557,0.008937423518853583,0.008936204003928446,0.008938674282779724,2812.8479491094845,2389.843621601656,3683.4851661557846,0.008935596712661413,0.008939250325045753
coherent,60.0,0.009527061228772948,0.009525820386937365,0.009528375214017113,0.007984133108872577,0.007983039961143813,0.00798525839937134,2794.680371609201,2381.153986914367,3655.371561877859,0.00798249054594227,0.007985775671802883
coherent,65.0,0.008271606089316838,0.00827051563048029,0.00827276014111695,0.006932001636498277,0.0069310423007178795,0.0069329852488157605,2774.236520926058,2371.1251314970627,3618.54895607236,0.0069305650176328115,0.006933438255363744
coherent,70.0,0.006892662242135972,0.006891743560579285,0.00689363349108177,0.005776380719360171,0.005775573850782168,0.005777202125912672,2751.3027128623257,2357.3223670234875,3583.249735770297,0.005775173617757328,0.005777587820963012
coherent,75.0,0.005383871275058599,0.005383142935763956,0.00538463647469359,0.004511941703984189,0.0045113069658998745,0.004512588620572293,2725.633809839383,2340.66266286478,3542.893828110266,0.0045109899551242,0.004512893452844176
coherent,80.0,0.0037379451474068848,0.0037374341397147983,0.0037384844139860714,0.0031325768637527614,0.003132129436656656,0.0031330326784933383,2696.951885845274,2318.6734894568353,3497.043528811339,0.0031319090506578984,0.0031332446768476225
coherent,85.0,0.0019465234689467852,0.001946253754048079,0.0019468100324926362,0.001631279791838693,0.0016310433856181591,0.0016315188447406715,2664.946525938514,2296.318493165819,3447.1449298262255,0.0016309278536857086,0.0016316317299916777
coherent,90.0,0.0,0.0,0.0,0.0,0.0,0.0,,,,0.0,0.0
shuffled,0.0,-0.0008402073324000845,-0.002286495707327231,0.0006229446555231378,-0.0007042001794361801,-0.001916207004996288,0.000522038734626911,-0.22782679843708725,-0.6686799916676518,0.1807113441669924,-0.0024813241196978645,0.0010729237608255045
shuffled,5.0,-0.0006962404546042045,-0.002041577089218192,0.0006870835918112113,-0.000583537270437044,-0.001710976355881063,0.000575750878637152,-0.20200493376967538,-0.6619777849401921,0.206609450835622,-0.0022443972335980658,0.0010773226927239775
shuffled,10.0,-0.00038194767820156256,-0.0016410329905080455,0.0009117105343494175,-0.0003201331513202553,-0.00137537211084266,0.0007639683969420455,-0.11732476966924561,-0.5837446216073393,0.2837625407059234,-0.001888932255765054,0.0012486659531245432
shuffled,15.0,-0.0003874281209265279,-0.0016163558620677883,0.0008648846447114503,-0.0003247291853588872,-0.0013546880353879985,0.0007247572351599427,-0.12250780069162649,-0.5803500869777152,0.28531642340309665,-0.00184872569726335,0.001199267326545576
shuffled,20.0,-0.00021533949575464525,-0.0014879007264866836,0.0010670031005021005,-0.0001805115622813573,-0.0012469013723985657,0.0008940860696522293,-0.06594019970213119,-0.5135100423611184,0.3419117903903525,-0.0017544261482130956,0.001393403023650381
shuffled,25.0,-0.00016272614345223582,-0.0014465355286008529,0.0011304877924963438,-0.00013642215583651747,-0.0012122929491110532,0.0009473781034520114,-0.049609618246950205,-0.5023464780037655,0.3509406225135329,-0.001717471471195317,0.001444627159522282
shuffled,30.0,-0.00012902324385662828,-0.0014076567094907433,0.0011642389582550367,-0.00010817016684284167,-0.0011797432167756539,0.0009756930046694229,-0.03953148716480862,-0.4912659795621397,0.3615527289800311,-0.0016813948082611049,0.0014650544745754214
shuffled,35.0,-5.267656445089031e-06,-0.001264004720540391,0.0012590258656186661,-4.4453752317776545e-06,-0.0010593080141353955,0.0010550935963619357,-0.0016426201862765773,-0.43951867747096224,0.4062812778358472,-0.0015604026343476105,0.001551511883884055
shuffled,40.0,1.4062663410398246e-05,-0.0011501165170341911,0.0011605947132077557,1.1761594138362549e-05,-0.000963865624581277,0.0009726424236604851,0.004796405465788095,-0.42583969788172593,0.4202551881224234,-0.001398100691130616,0.0014216238794073411
shuffled,45.0,1.0086171399414923e-05,-0.0010277369159589476,0.0010177692593234227,8.43447556980103e-06,-0.0008612669759769448,0.0008529285833058177,0.003886918746689737,-0.4156310564890067,0.4324882129409108,-0.0012391760090875684,0.0012560449602271706
shuffled,50.0,-8.04884813227306e-05,-0.0009985836875702776,0.0008403662878457559,-6.746235039812563e-05,-0.0008368475410301583,0.0007042843704709365,-0.03429004660173327,-0.4836675491083003,0.3644612919990587,-0.0011986112723500735,0.0010636865715538224
shuffled,55.0,2.1764113421159543e-05,-0.0008311127051471976,0.000863945181881941,1.822649104336573e-05,-0.0006965251505736612,0.0007240350664698037,0.010076481998365975,-0.43501725047248724,0.4188069034143736,-0.0010217428265608217,0.0010581958086475533
shuffled,60.0,0.00018729936870840366,-0.0006041937188169248,0.0009686428734697613,0.000156951281244941,-0.0005063892283162158,0.0008118017870521698,0.09335616914406493,-0.32729021437672307,0.5205073064907564,-0.000809651936243655,0.0011235544987335368
shuffled,65.0,0.00021798928112491678,-0.0004882256294706106,0.0008993908958203241,0.00018267920966602891,-0.0004091684683716713,0.0007537068050661918,0.12275785090507303,-0.2901937649345084,0.5729776950257329,-0.0006729118553863634,0.0010382702747184214
shuffled,70.0,5.660820135953518e-05,-0.0005808973340484817,0.0006655773088741772,4.743529336720053e-05,-0.00048682105383847705,0.0005577650336071711,0.035313676481043096,-0.3679911481725574,0.49029643621702673,-0.0007248629555469612,0.0008197335422813624
shuffled,75.0,3.074248990565335e-06,-0.0005359401090949218,0.0005114417298198654,2.569079913194786e-06,-0.00044914753270149733,0.00042861611821691964,0.00228339757789631,-0.4113254630903826,0.4420098038111363,-0.0006443090534298151,0.0006494472132562046
shuffled,80.0,9.886277459672059e-05,-0.0003162189842809247,0.0004888058559343946,8.284447726792595e-05,-0.00026501792089620227,0.0004096155565445548,0.0969019794178519,-0.31753830386792664,0.5505335123803754,-0.00040869375895462783,0.0005743827134904798
shuffled,85.0,5.533320802937151e-05,-0.00023041498764786323,0.0003130832908797058,4.637130510487626e-05,-0.00019310135161737982,0.00026238293655981155,0.08029899007247017,-0.30399284140687394,0.5997778683972158,-0.00028564975299558403,0.0003783923632053366
shuffled,90.0,0.0,0.0,0.0,0.0,0.0,0.0,,,,0.0,0.0
separated,0.0,1.8805235146857058e-12,1.8803477293734736e-12,1.8807085518564768e-12,1.5759686771860013e-12,1.5758025728731085e-12,1.5761373914724685e-12,3717.0833043861794,3086.4886226200815,5119.151419028565,1.5757249120001265e-12,1.5762124423718761e-12
separated,5.0,1.8734643466207976e-12,1.8732793094500266e-12,1.8736493837915682e-12,1.5700527600065112e-12,1.5698754658833105e-12,1.5702240182114917e-12,3557.6764413658093,2932.505079497295,4831.979864158486,1.569799028620377e-12,1.5703064913926451e-12
separated,10.0,1.852194323840687e-12,1.8519907829528393e-12,1.8523978647285353e-12,1.5522274636317968e-12,1.5520378778484422e-12,1.5524137194959856e-12,3242.132189846656,2708.468716948993,4380.563464144542,1.5519521986038966e-12,1.552502728659697e-12
separated,15.0,1.8169724983844542e-12,1.8167967130722218e-12,1.817157535555225e-12,1.5227098844888964e-12,1.5225516513460718e-12,1.5228763710337491e-12,3670.518845607674,3129.3963526637594,4941.227671764292,1.522471369266283e-12,1.5229483997115098e-12
separated,20.0,1.7679191444130993e-12,1.7677248553837899e-12,1.7681134334424087e-12,1.481600831574254e-12,1.4814216699859626e-12,1.4817799167919402e-12,3261.488895596069,2749.90071563658,4337.961793200376,1.481339650501005e-12,1.4818620126475042e-12
separated,25.0,1.7055616178633197e-12,1.705395084409626e-12,1.7057281513170135e-12,1.4293422365622352e-12,1.4291869907201765e-12,1.4294972248445796e-12,3605.6642064186053,3073.5945390028564,4801.933587173806,1.4291143192358182e-12,1.4295701538886522e-12
separated,30.0,1.6302422375010413e-12,1.630084955905886e-12,1.6303995190961966e-12,1.3662209950566194e-12,1.3660698877191598e-12,1.3663707243185352e-12,3593.057611213613,3010.6691490598546,4879.048952533355,1.3660023784406307e-12,1.3664396116726085e-12
separated,35.0,1.5425438704141925e-12,1.542349581384883e-12,1.5427289075849633e-12,1.2927255672252337e-12,1.2925534562088334e-12,1.2928966321962645e-12,2960.1296182612687,2518.2389027398535,3965.4559866385266,1.2924744815113695e-12,1.2929766529390978e-12
separated,40.0,1.4431048948419327e-12,1.442938361388239e-12,1.4432714282956265e-12,1.209390947567162e-12,1.2092410287679497e-12,1.209544310452165e-12,3160.9569091009544,2634.376956534945,4320.886258016665,1.209170971956832e-12,1.209610923177492e-12
separated,45.0,1.3327579780527306e-12,1.3326006964575754e-12,1.3329060077893473e-12,1.1169149564728833e-12,1.1167666876083845e-12,1.1170506242561598e-12,3083.379339015203,2483.213264301703,4368.517259221984,1.1167066899137727e-12,1.117123223031994e-12
separated,50.0,1.2120859871345147e-12,1.2119564611149751e-12,1.2122062612955158e-12,1.015786050612316e-12,1.015668636189778e-12,1.0159010159999808e-12,3452.211356634192,2887.3750389121446,4654.263350287404,1.0156168775304944e-12,1.0159552236941376e-12
separated,55.0,1.082236152546064e-12,1.0820973746679858e-12,1.0823749304241421e-12,9.069656813038195e-13,9.068325835728833e-13,9.070983896866921e-13,2683.9657516379043,2273.2106710966186,3508.552659387678,9.067713958538179e-13,9.071599667538211e-13
separated,60.0,9.440226378387706e-13,9.438838599606925e-13,9.441614157168488e-13,7.911361404152186e-13,7.910073631225702e-13,7.91256718277164e-13,2451.9763700765143,2113.4948970735136,3177.8093458386456,7.909506329731667e-13,7.913216478572706e-13
separated,65.0,7.984261400177198e-13,7.983058658567188e-13,7.98546414178721e-13,6.691193086708916e-13,6.690107799376953e-13,6.692237249109665e-13,2476.598325646027,2018.895695920633,3508.91474046965,6.689639718614271e-13,6.69274645480356e-13
separated,70.0,6.466494006929224e-13,6.465198746733828e-13,6.467696748539235e-13,5.419231386081234e-13,5.418110729392049e-13,5.420271674911577e-13,1963.5491454828432,1606.697663923362,2692.671404294671,5.417644585641356e-13,5.420818186521117e-13
separated,75.0,4.897193761621565e-13,4.895898501426169e-13,4.898396503231576e-13,4.104082779228819e-13,4.1029451013629913e-13,4.105132634376051e-13,1477.28915072075,1167.7563825967395,2255.2970871486564,4.1024855141497025e-13,4.1056800443079365e-13
separated,80.0,3.288110524598172e-13,3.2869077829881615e-13,3.289220747622797e-13,2.7555939562532416e-13,2.7545438150299303e-13,2.756556890676727e-13,1062.5255607260199,882.0308898004494,1519.8736304697952,2.754102871840235e-13,2.757085040666248e-13
separated,85.0,1.6516417863006913e-13,1.6505315632760661e-13,1.6527520093253165e-13,1.384154889739307e-13,1.383210974098587e-13,1.3850953808605274e-13,575.1715059192273,488.76885396767454,768.7335357160575,1.3827712796454748e-13,1.3855384998331394e-13
separated,90.0,0.0,0.0,0.0,0.0,0.0,0.0,,,,0.0,0.0
