drive,seed,mode,separation,within_corr,across_corr,internal_spread,broken,collective_mean_norm,max_update_speed
1.3,0,stress,0.05265976985550408,0.18689467902949736,0.13423490917399328,0.6144530763449315,3,1.1240151438116956e-15,3.0000000000007874
1.3,0,random_matched,0.03914932035624652,0.1660720426630703,0.12692272230682378,0.38842415751532217,3,2.962039982472228e-16,3.0000000000009845
1.3,1,stress,,0.13515122243150973,,4.538281954680654,0,8.492077296309768e-16,3.000000000000892
1.3,1,random_matched,,0.13515122243150973,,4.538281954680654,0,8.492077296309768e-16,3.000000000000892
1.3,2,stress,0.0436989273291154,0.1907148296233883,0.1470159022942729,1.0647333366651115,4,6.477787712165088e-16,3.0000000000009925
1.3,2,random_matched,0.05851657434652208,0.19189736275999125,0.13338078841346918,0.3939381450333237,4,2.078293647562552e-15,3.0000000000009535
1.3,3,stress,0.1218673756256145,0.25168881603901916,0.12982144041340465,0.3438634042652104,6,3.469446951953614e-16,3.000000000000994
1.3,3,random_matched,0.07263275913478567,0.2211456637361324,0.14851290460134672,0.23735957820163264,6,2.1306221213663725e-15,3.0000000000009877
1.3,4,stress,0.05867274654158469,0.18885238956062778,0.13017964301904308,0.27747320260531916,4,8.552341167394244e-16,3.000000000000995
1.3,4,random_matched,0.043450344169321864,0.17281596147840922,0.12936561730908736,0.5385055435605725,4,8.645538799963171e-16,3.000000000000982
1.3,5,stress,0.034606948718977876,0.16379380541004812,0.12918685669107025,0.9011619935123825,1,1.1190733875519505e-15,3.0000000000009472
1.3,5,random_matched,0.02625389416110041,0.15724205534696445,0.13098816118586404,2.131627178824731,1,4.517333031985021e-16,3.0000000000009472
1.3,6,stress,0.029901851883444686,0.16062252840052782,0.13072067651708313,0.28674938344216455,7,5.733213703042032e-16,3.0000000000009908
1.3,6,random_matched,0.08568937600047316,0.23679870162921526,0.1511093256287421,0.2205334043727827,7,5.852531852146289e-16,3.0000000000009983
1.3,7,stress,0.04516237438861831,0.16201095122430173,0.11684857683568342,0.45862644100728794,4,1.7393740110787858e-15,3.000000000000977
1.3,7,random_matched,0.0466318131813241,0.16133463184362928,0.11470281866230518,0.456772704338838,4,1.2914547347233453e-15,3.0000000000009663
1.3,8,stress,0.040470293774392596,0.16845572489556657,0.12798543112117397,0.33638595195612436,4,5.780746012175156e-16,3.0000000000009686
1.3,8,random_matched,0.07794755763738612,0.20333466120241636,0.12538710356503024,0.5028642933082869,4,1.1273608869934869e-15,3.0000000000009246
1.3,9,stress,0.06530134942152879,0.19695988942249054,0.13165854000096175,0.8687805464353938,2,1.2704725448309925e-15,3.0000000000009917
1.3,9,random_matched,0.04720295980297973,0.18493170244692086,0.13772874264394114,1.7672879105061663,2,1.1524373854964902e-15,3.000000000000968
1.3,10,stress,0.06100380161332203,0.1845394018722775,0.12353560025895546,0.47263959321390775,3,4.577566798522237e-16,3.0000000000009686
1.3,10,random_matched,0.04486919110805784,0.16094474304323922,0.11607555193518138,0.3742774000463949,3,7.525919195837022e-16,3.0000000000009615
1.3,11,stress,0.06845969451201916,0.19373590198425883,0.12527620747223966,0.12655355283214273,7,3.680565614737459e-15,3.0000000000009805
1.3,11,random_matched,0.07076176037763043,0.20610082502873883,0.1353390646511084,0.4515147742202026,7,1.0646674449704517e-15,3.000000000000995
1.3,12,stress,0.057539021231776025,0.17806662482879304,0.12052760359701702,0.3425204475180602,5,1.4723250824854732e-16,3.0000000000009877
1.3,12,random_matched,0.07752674413133306,0.19843925742358337,0.1209125132922503,0.5146270701656175,5,3.725237604554943e-16,3.000000000000918
1.3,13,stress,0.02616857793574237,0.15325205635105235,0.12708347841530998,0.688077991912254,2,2.0682935342535693e-16,3.0000000000008336
1.3,13,random_matched,-0.008570685197922617,0.13470096956349997,0.1432716547614226,0.3733209426291088,2,2.638098149474223e-16,3.0000000000009255
1.3,14,stress,0.04042558158917456,0.18965296905637702,0.14922738746720246,0.22729875491938745,6,7.468261590855957e-16,3.000000000000985
1.3,14,random_matched,0.10537597756483874,0.24823887972291442,0.14286290215807568,0.41079430992678506,6,1.052315028676989e-15,3.0000000000009646
1.3,15,stress,0.04882155735126756,0.20438926214995853,0.15556770479869098,0.5976279227794156,2,2.572282900470003e-16,3.0000000000009313
1.3,15,random_matched,0.021500238132917737,0.17863016267878937,0.15712992454587163,0.35473181988614194,2,1.0192172553284536e-15,3.0000000000009313
1.3,16,stress,0.07854575778482378,0.2145822847519598,0.13603652696713603,2.08398187989973,3,1.2188824373837152e-15,3.0000000000008114
1.3,16,random_matched,0.029915713703829422,0.17527197127804708,0.14535625757421766,0.3796249493109592,3,4.967576201685826e-16,3.000000000000763
1.3,17,stress,0.028150666321918733,0.14225987997263298,0.11410921365071425,0.559172379511869,1,4.1375569220787887e-16,3.000000000000811
1.3,17,random_matched,0.03007915494184979,0.1523449874113701,0.1222658324695203,1.5790966503772987,1,4.491679655600621e-16,3.000000000000775
1.3,18,stress,0.036959720266981855,0.18195847340956509,0.14499875314258323,0.6060617270494705,4,8.323073962031603e-16,3.000000000000996
1.3,18,random_matched,0.07559734444746219,0.2172925979114862,0.141695253464024,0.3136910422907886,4,1.8228978928076385e-15,3.000000000000997
1.3,19,stress,0.06148425223391055,0.1877299006030767,0.12624564836916616,0.4998217845641473,4,1.037539321088335e-15,3.0000000000009988
1.3,19,random_matched,0.014596318458955093,0.14639324378049767,0.13179692532154258,0.49531369789002316,4,1.7129685538216909e-15,3.0000000000009983
1.3,20,stress,0.042079474499831765,0.19812720421637567,0.1560477297165439,0.5881623047655088,6,3.689450482456283e-16,3.0000000000009828
1.3,20,random_matched,0.05899200390534021,0.20261663660879778,0.14362463270345757,0.4011197880404646,6,8.75572449300537e-16,3.000000000000998
1.3,21,stress,0.09820622715757804,0.25044043597340687,0.15223420881582883,0.18017070306769176,10,6.667118051786499e-16,3.0000000000009974
1.3,21,random_matched,0.13192818504986334,0.26636629522734223,0.1344381101774789,0.2733153454665039,10,1.4671782096397198e-15,3.00000000000099
1.3,22,stress,0.025564363352565705,0.1546291965794227,0.129064833226857,0.49329213185998694,7,2.251074338154753e-16,3.000000000000998
1.3,22,random_matched,0.07587952336016102,0.20143330232159573,0.12555377896143471,0.18312317746130427,7,6.904267234525654e-16,3.0000000000009748
1.3,23,stress,0.050776353248255385,0.17811752578093404,0.12734117253267865,1.211089638702746,3,1.3048728921282528e-15,3.000000000000995
1.3,23,random_matched,0.05914116442198178,0.18324972146730292,0.12410855704532114,0.4511919258507552,3,5.782411586589357e-16,3.0000000000009934
1.3,24,stress,,0.12686973338042262,,1.112675834610002,0,2.4609987189264743e-16,3.0000000000008873
1.3,24,random_matched,,0.12686973338042262,,1.112675834610002,0,2.4609987189264743e-16,3.0000000000008873
1.3,25,stress,0.012148473762348039,0.15490577154454976,0.14275729778220173,0.29263163531790093,7,1.796385988012831e-16,3.000000000000995
1.3,25,random_matched,0.06754309688041871,0.194232953391783,0.1266898565113643,0.42353570501803744,7,5.428129348768715e-16,3.0000000000009925
1.3,26,stress,0.03957847799360757,0.15703515663775636,0.11745667864414878,1.495012261042016,1,9.581377480696253e-16,3.000000000000941
1.3,26,random_matched,0.06905318692465169,0.16982112611301906,0.10076793918836736,3.288511857882072,1,1.613396871261371e-15,3.000000000000941
1.3,27,stress,0.10332967175646315,0.24528451241319466,0.1419548406567315,0.4603385704049322,6,1.2390454616141738e-15,3.0000000000009392
1.3,27,random_matched,0.10159038657980995,0.24514884218194366,0.1435584556021337,0.3383295300319699,6,3.0342182048611953e-16,3.0000000000009703
1.3,28,stress,0.026226976559872675,0.1499507982118691,0.12372382165199643,0.408197077035571,3,2.520529001023699e-15,3.0000000000009908
1.3,28,random_matched,0.027262554462299887,0.15708091810136526,0.12981836363906538,0.7636404327910742,3,4.961848264597093e-16,3.0000000000009273
1.3,29,stress,0.04078587414727956,0.16179094421891158,0.12100507007163201,0.9959706747590549,3,1.4451865030437892e-16,3.000000000000971
1.3,29,random_matched,0.029645957693717806,0.15655217404139907,0.12690621634768126,0.7682362835088147,3,1.2428176919397965e-15,3.000000000000965
1.3,30,stress,0.01983903290733352,0.16647628304263132,0.1466372501352978,0.8693373835319461,1,1.4378103324537143e-15,3.0000000000009943
1.3,30,random_matched,0.027191588503049008,0.16727558110643223,0.14008399260338322,0.821594133118456,1,2.1440820369436218e-16,3.000000000000943
1.3,31,stress,0.025215392485019195,0.15630592131380422,0.13109052882878502,0.37672729298249075,2,1.3278694765292112e-16,3.000000000000989
1.3,31,random_matched,0.02069337223444373,0.1628532840261697,0.14215991179172596,0.4996412317918304,2,8.695824252021423e-16,3.000000000000985
1.3,32,stress,0.03413018896074771,0.16482174738497313,0.13069155842422542,0.5802472142085335,4,7.910102340005504e-16,3.000000000000972
1.3,32,random_matched,0.053432682559706235,0.1853486840836367,0.13191600152393046,0.6524578105167473,4,6.156139609975045e-16,3.000000000000972
1.3,33,stress,0.035065795054874394,0.1712691397329987,0.1362033446781243,1.8487264446672582,3,5.908447673400697e-16,3.000000000000997
1.3,33,random_matched,0.03116627459492813,0.16861840832441366,0.13745213372948553,0.42155691200326345,3,7.659545739199954e-16,3.0000000000009037
1.3,34,stress,-0.003426737751726333,0.14354497541806158,0.1469717131697879,0.4049274665008478,2,3.612966257609473e-16,3.0000000000009086
1.3,34,random_matched,-0.009491276552762412,0.13985112839148428,0.1493424049442467,0.4229509015622657,2,6.405200048380143e-16,3.000000000000902
1.3,35,stress,0.030602319463692518,0.16728642518308853,0.13668410571939602,0.20102603411066866,8,1.3431535196509489e-15,3.0000000000009988
1.3,35,random_matched,0.056599458685213405,0.204489892820089,0.1478904341348756,0.18791456853855015,8,2.8636441063983066e-16,3.0000000000009988
1.3,36,stress,0.05539103437526055,0.19709260535063872,0.14170157097537817,0.31791371696126647,6,1.645794613810715e-16,3.000000000000967
1.3,36,random_matched,0.0985248985524573,0.23383572840174568,0.13531082984928838,0.41299389648976564,6,5.4672143489065705e-16,3.0000000000009974
1.3,37,stress,0.02723781408704562,0.16818250676871524,0.14094469268166962,1.4438695150271106,3,9.001563897717544e-16,3.0000000000009623
1.3,37,random_matched,0.04507710568834128,0.1754652482292544,0.13038814254091313,0.4119535205631252,3,9.598428763032926e-16,3.00000000000083
1.3,38,stress,0.09392358586251515,0.22002655232146373,0.12610296645894858,0.39056357931988395,6,5.183108742668368e-16,3.0000000000009903
1.3,38,random_matched,0.06215634186771864,0.18169117892284148,0.11953483705512284,0.3039003819860164,6,7.513967412811426e-16,3.0000000000009734
1.3,39,stress,0.00292641770186039,0.14671088232217644,0.14378446462031605,1.5748674222641097,1,6.795867010579066e-16,3.0000000000009766
1.3,39,random_matched,0.03131044002427008,0.16469591939143688,0.1333854793671668,2.078983706911972,1,6.24411634154147e-16,3.0000000000009766
1.3,40,stress,,0.1816996455204092,,1.523301883677117,0,7.649315353531954e-16,3.000000000000979
1.3,40,random_matched,,0.1816996455204092,,1.523301883677117,0,7.649315353531954e-16,3.000000000000979
1.3,41,stress,0.023176527785017997,0.15815298148813367,0.13497645370311567,0.19510090503180522,4,2.6558837364083264e-16,3.00000000000099
1.3,41,random_matched,0.08262086389364963,0.19482247152469345,0.11220160763104382,0.7692836008414078,4,1.0244109661044244e-15,3.0000000000009717
1.3,42,stress,0.0500239672765371,0.18531653134283194,0.13529256406629483,0.1853662948591995,5,1.1982100040128273e-15,3.000000000000984
1.3,42,random_matched,0.030705721692547927,0.16687248193645873,0.1361667602439108,1.0149807686726906,5,4.47545209131181e-16,3.0000000000009948
1.3,43,stress,0.03783526793358355,0.16933248990148583,0.13149722196790228,0.41678496083550787,2,1.0754166316384247e-15,3.0000000000008913
1.3,43,random_matched,0.018639148082001622,0.14766209024063812,0.1290229421586365,1.5068688445429856,2,5.188469984322229e-16,3.0000000000008913
1.3,44,stress,0.040115573520844966,0.1653032653696951,0.12518769184885015,0.6269391828474439,3,4.825179074965119e-16,3.0000000000009237
1.3,44,random_matched,0.026658890191419815,0.17650635034657497,0.14984746015515515,1.1897046606186017,3,8.899114524108741e-16,3.0000000000008558
1.3,45,stress,0.03277915527129653,0.13741554138994963,0.1046363861186531,0.46484325839701895,1,7.745772886677175e-16,3.000000000000847
1.3,45,random_matched,0.0271333310579671,0.1422132213173164,0.1150798902593493,0.5894564564235293,1,8.513972237587735e-16,3.000000000000847
1.3,46,stress,-0.002034087213621777,0.14872071244310484,0.1507547996567266,0.7603413385345793,3,3.803402924291426e-16,3.0000000000009863
1.3,46,random_matched,0.04164348473419566,0.17116484644770155,0.1295213617135059,0.6150954575199522,3,5.088522196198634e-16,3.0000000000009717
1.3,47,stress,0.00045593071494900994,0.14655390185104175,0.14609797113609274,0.4788658898562259,2,8.704617387140845e-16,3.000000000000979
1.3,47,random_matched,-0.006323790057782108,0.14591543747805685,0.15223922753583896,1.5951357663302503,2,9.829882004002295e-16,3.000000000000964
1.3,48,stress,0.049472116578348324,0.18467834738429761,0.1352062308059493,0.3170051407064134,3,1.353809636531411e-15,3.0000000000009615
1.3,48,random_matched,0.03482447421927945,0.17821115617110428,0.14338668195182483,0.3895918302582875,3,6.793661837047814e-16,3.000000000000799
1.3,49,stress,0.044361450295266114,0.16887429498084086,0.12451284468557475,0.5778948285050438,4,1.655022768831515e-16,3.000000000000986
1.3,49,random_matched,0.03852202247006292,0.17200215103633898,0.13348012856627606,0.42743992419867405,4,8.612183351538266e-16,3.0000000000009233
1.3,50,stress,0.04978428465708515,0.18088390961446418,0.13109962495737904,0.1776690081402727,5,1.0236168651566236e-15,3.000000000000991
1.3,50,random_matched,0.048408155827956115,0.1716286878179064,0.1232205319899503,0.2567094668312572,5,1.6707499551869072e-15,3.000000000000991
1.3,51,stress,0.06897577657456316,0.2052434258016469,0.13626764922708373,0.4539182890386277,8,1.1183656398192316e-15,3.0000000000009956
1.3,51,random_matched,0.08395227804094538,0.20915433185047785,0.12520205380953248,0.17679899486600265,8,1.3549788252082567e-15,3.000000000000984
1.3,52,stress,0.06678606596458161,0.19741625621077105,0.13063019024618944,0.32392333913410065,4,7.513967412811426e-16,3.0000000000009783
1.3,52,random_matched,0.07889610510775119,0.2195688034234064,0.1406726983156552,0.32089029560166665,4,1.0333232603546133e-15,3.0000000000009694
1.3,53,stress,0.09920102020744737,0.244677046874407,0.14547602666695963,0.22215765562134365,7,6.975956554505238e-16,3.00000000000099
1.3,53,random_matched,0.08961435127907919,0.23147682808812223,0.14186247680904304,0.3138629551716292,7,7.459086818853017e-16,3.000000000000977
1.3,54,stress,0.027246964652812733,0.1451244490964388,0.11787748444362606,0.9501220251908516,2,7.183756873735093e-16,3.00000000000097
1.3,54,random_matched,0.047644668135936985,0.16725034260706576,0.11960567447112877,0.5800076290624572,2,4.2841699744536696e-16,3.0000000000009837
1.3,55,stress,0.03137941343448694,0.18325302221316583,0.1518736087786789,0.7201940904707517,2,6.50860193035935e-16,3.0000000000009814
1.3,55,random_matched,0.05484967187068929,0.19650066074360586,0.14165098887291658,0.5660497572720956,2,4.556011957422143e-17,3.0000000000009366
1.3,56,stress,0.01188107175515965,0.1521291306935136,0.14024805893835396,0.6465491625213827,2,5.610027061456275e-16,3.0000000000009606
1.3,56,random_matched,0.006382264575135216,0.14869980326693372,0.1423175386917985,0.4407182610138487,2,6.087976003455676e-16,3.0000000000009766
1.3,57,stress,0.031121263452739967,0.15349879278634346,0.12237752933360349,0.43265767768089375,5,5.08394677728011e-16,3.000000000000998
1.3,57,random_matched,0.06423509907477495,0.1897896633660094,0.12555456429123443,0.7445377157568859,5,3.273641730463911e-16,3.000000000000996
1.3,58,stress,0.0332038255780677,0.1666629376644474,0.1334591120863797,0.7517849327488256,3,5.585701844806365e-16,3.000000000000911
1.3,58,random_matched,0.053484672708781655,0.18203626458252056,0.1285515918737389,0.593859407286889,3,5.071672738690042e-16,3.0000000000008975
1.3,59,stress,0.07407844143722711,0.20022914700540356,0.12615070556817645,0.364403261911709,7,1.1567413403496195e-15,3.000000000000989
1.3,59,random_matched,0.05829595576813967,0.19236508477328607,0.1340691290051464,0.12269305637505859,7,4.002966042486721e-16,3.0000000000009783
1.3,60,stress,0.05732903202988396,0.18246159594970932,0.12513256391982536,0.38795664900693577,3,2.4708005860776926e-15,3.0000000000009357
1.3,60,random_matched,0.042271863629384426,0.16470837159666082,0.1224365079672764,1.0545069852309057,3,1.4746487376420297e-15,3.0000000000009197
1.3,61,stress,0.015100362915302507,0.14407214920696024,0.12897178629165773,0.85942952589743,3,6.327385218199519e-16,3.000000000000987
1.3,61,random_matched,0.047539582314010315,0.1667339260662617,0.11919434375225138,0.8845219068178745,3,8.966788462646269e-16,3.0000000000009455
1.3,62,stress,0.009314552659092923,0.13719386321796553,0.1278793105588726,0.9903507677815109,2,8.496643395177617e-16,3.000000000000998
1.3,62,random_matched,0.029173798163037515,0.14791881637180593,0.11874501820876841,0.532873572461903,2,9.536597496921329e-16,3.0000000000009597
1.3,63,stress,0.01748807446436658,0.13778976312280303,0.12030168865843645,0.41316371170556593,2,2.6493291011520743e-16,3.0000000000009868
1.3,63,random_matched,0.009441916614102264,0.13638952375576915,0.1269476071416669,0.6329455845243325,2,2.340555645717801e-16,3.0000000000009868
1.4,0,stress,0.21481755234307393,0.3680627661347049,0.15324521379163097,0.05537806903797584,23,1.2082799736534336e-15,3.0000000000009885
1.4,0,random_matched,0.24548417800281633,0.4073755744362808,0.16189139643346448,0.0738140656322864,23,8.459761032879693e-16,3.000000000000991
1.4,1,stress,0.12857096839456494,0.2819618831363851,0.15339091474182015,0.11427363274210942,14,1.6011864169946884e-15,3.000000000000998
1.4,1,random_matched,0.12413338076312433,0.26197523508114523,0.1378418543180209,0.12209698912472035,14,1.2953923580610603e-15,3.0000000000009917
1.4,2,stress,0.1791486890281143,0.34595638146983443,0.16680769244172014,0.06935171262506586,24,1.4336873553038261e-15,3.000000000000993
1.4,2,random_matched,0.2413024304462873,0.402261246440269,0.1609588159939817,0.0720741706879512,24,1.9266092968206903e-15,3.0000000000009988
1.4,3,stress,0.2168333224846085,0.3765075739867349,0.1596742515021264,0.05296071333170947,27,1.5977614153893207e-15,3.0000000000009988
1.4,3,random_matched,0.2946334640048793,0.47551959193400306,0.18088612792912379,0.054346240896047324,27,2.0841595422014524e-15,3.000000000000999
1.4,4,stress,0.15412549774286538,0.31023540831494256,0.15610991057207718,0.06123201817618317,26,2.3388727663451656e-15,3.0000000000009934
1.4,4,random_matched,0.20590258107609577,0.36502138945963664,0.15911880838354087,0.06881600338761736,26,2.8164350272509576e-15,3.000000000000999
1.4,5,stress,0.22989295772156948,0.382356474688172,0.15246351696660254,0.07507477418079787,21,1.601533858990097e-15,3.000000000000997
1.4,5,random_matched,0.23732108330827992,0.39573243194643765,0.15841134863815773,0.048127551834471025,21,2.5629515266461773e-15,3.0000000000009988
1.4,6,stress,0.1039192167314057,0.2767319559427493,0.1728127392113436,0.06111620663959279,24,3.5351301838705644e-16,3.0000000000009925
1.4,6,random_matched,0.2663480087428679,0.43406058240004564,0.16771257365717776,0.11945882476043905,24,2.0429862426984522e-16,3.0000000000009943
1.4,7,stress,0.25379866521838457,0.4072840564299083,0.15348539121152374,0.03490986742759771,26,4.2598755757003773e-16,3.000000000000991
1.4,7,random_matched,0.19467494644872063,0.34351410972116314,0.1488391632724425,0.05692296896075752,26,4.335559509131367e-16,3.000000000000995
1.4,8,stress,0.16828297199173065,0.32405253444593535,0.1557695624542047,0.06282610742500516,24,2.173379529683517e-15,3.0000000000009988
1.4,8,random_matched,0.3558756906489004,0.5119227417696576,0.15604705112075717,0.033401158503746975,24,4.536242001337384e-16,3.000000000000996
1.4,9,stress,0.14848533333412883,0.29844688707177464,0.1499615537376458,0.06345369368110156,19,8.236232906228388e-16,3.000000000000998
1.4,9,random_matched,0.20642900618692656,0.36304214437927973,0.15661313819235317,0.08029791650691169,19,9.23345216014585e-16,3.000000000000997
1.4,10,stress,0.1736015152322276,0.3195541519874215,0.14595263675519388,0.11419581222092728,17,1.2899299254283176e-15,3.0000000000009943
1.4,10,random_matched,0.1712835762539411,0.31557751294143876,0.14429393668749765,0.07812601665950661,17,5.329464028904865e-16,3.000000000000997
1.4,11,stress,0.18981112716873022,0.3452548338306665,0.1554437066619363,0.06343410730618894,18,3.931332320154521e-15,3.0000000000009943
1.4,11,random_matched,0.18180595515544426,0.3434964568793127,0.16169050172386842,0.1285820836179676,18,1.1517356245282644e-15,3.0000000000009983
1.4,12,stress,0.25545673221264137,0.41239738912205987,0.1569406569094185,0.05080607413354208,29,1.3697750728733728e-15,3.0000000000009877
1.4,12,random_matched,0.2891694492088968,0.4549419860721929,0.16577253686329607,0.04313161038161533,29,8.881784197001252e-16,3.0000000000009988
1.4,13,stress,0.11440724513055006,0.24096607559221522,0.12655883046166516,0.22398546248645892,13,1.6412682647553398e-15,3.0000000000009823
1.4,13,random_matched,0.07930705320041789,0.22045154867791683,0.14114449547749894,0.15889896387008468,13,1.3481389725457202e-15,3.0000000000009934
1.4,14,stress,0.2001206099545603,0.35754983968699616,0.15742922973243587,0.08076812082092838,24,6.79235500319919e-16,3.000000000000997
1.4,14,random_matched,0.23708752209454362,0.39763938003143967,0.16055185793689605,0.08083895517332172,24,3.293210923906458e-15,3.000000000000997
1.4,15,stress,0.2663398168599823,0.443404450390159,0.1770646335301767,0.0616502477654599,24,1.8212595489866147e-15,3.0000000000009988
1.4,15,random_matched,0.21220574762097436,0.3956074256586662,0.18340167803769183,0.06139593365393855,24,1.4540944083918575e-15,3.0000000000009965
1.4,16,stress,0.13309091622382332,0.278870533162038,0.1457796169382147,0.11797628134290543,21,1.660085149892592e-15,3.0000000000009943
1.4,16,random_matched,0.2334947125524296,0.3971301859563164,0.1636354734038868,0.09817990266246045,21,2.3473890528506584e-15,3.0000000000009943
1.4,17,stress,0.11809910280540215,0.25564411738491705,0.1375450145795149,0.08437554999588896,18,2.1337120693192396e-15,3.000000000000998
1.4,17,random_matched,0.1266717863016701,0.26291967311402076,0.13624788681235067,0.11818025853591348,18,9.854423759932659e-16,3.0000000000009934
1.4,18,stress,0.1877973477189282,0.3467638324263937,0.1589664847074655,0.09483312501536707,20,2.189707269527006e-15,3.0000000000009983
1.4,18,random_matched,0.2700124782680759,0.4348515966838846,0.16483911841580873,0.10453583808047466,20,1.3867915647356258e-15,3.0000000000009943
1.4,19,stress,0.20578481993057998,0.35977779862859227,0.1539929786980123,0.0686659814978731,23,3.513736629610593e-15,3.0000000000009948
1.4,19,random_matched,0.18956639985545898,0.34396515390452315,0.15439875404906417,0.076659702917455,23,1.8740266945893096e-15,3.0000000000009988
1.4,20,stress,0.2592434412474337,0.4348409111817903,0.17559746993435663,0.0627102629001938,26,3.0517809367785105e-15,3.0000000000009956
1.4,20,random_matched,0.26096628026706636,0.43098413176498074,0.17001785149791435,0.06415484271346909,26,2.0509796555532965e-15,3.0000000000009983
1.4,21,stress,0.17256509606354012,0.32923572580482124,0.15667062974128113,0.07728351560834033,18,2.4214431068226483e-16,3.0000000000009988
1.4,21,random_matched,0.19949515565395295,0.3566718026060027,0.15717664695204972,0.12735586400416746,18,5.573016659005863e-16,3.000000000000998
1.4,22,stress,0.21229973559286264,0.35477320814642704,0.1424734725535644,0.07228774652378576,21,2.668644028324481e-16,3.000000000000997
1.4,22,random_matched,0.2371445362736105,0.389454827387231,0.15231029111362046,0.04614375474239817,21,2.4313453084954285e-15,3.0000000000009917
1.4,23,stress,0.2084899355952882,0.3657861429756449,0.15729620738035668,0.13581372336731462,20,1.056171682913856e-15,3.000000000000995
1.4,23,random_matched,0.15782616530989557,0.30957616869257953,0.15175000338268396,0.13479773599367956,20,4.024088532808155e-15,3.0000000000009988
1.4,24,stress,0.17623919408478758,0.34959215573886643,0.17335296165407885,0.04380480586971109,23,1.965868910654432e-15,3.000000000000996
1.4,24,random_matched,0.23305180605794118,0.38555436660330095,0.15250256054535977,0.05177049017062869,23,1.189430678393514e-15,3.0000000000009988
1.4,25,stress,0.1688498720995366,0.33014085022099315,0.16129097812145654,0.08244029612217302,22,8.954996705992654e-16,3.0000000000009996
1.4,25,random_matched,0.11258222851770491,0.26818905784568914,0.15560682932798423,0.10588974224251403,22,2.0644916481720533e-15,3.000000000000998
1.4,26,stress,0.21342517391679106,0.3436223836141057,0.13019720969731463,0.06799995606643734,16,9.964556600469696e-16,3.000000000000995
1.4,26,random_matched,0.14574389110824343,0.29281102199198306,0.14706713088373963,0.12197003779152472,16,1.7668143226579438e-15,3.000000000000974
1.4,27,stress,0.1695497276661962,0.33593131075818694,0.16638158309199075,0.08505736149642219,26,3.244013502388288e-15,3.000000000000997
1.4,27,random_matched,0.2933693934217622,0.461208744542974,0.1678393511212118,0.05025125292310276,26,2.288504062754188e-15,3.000000000000995
1.4,28,stress,0.1956613634676588,0.3474638977108892,0.1518025342432304,0.0457897386817519,23,2.703965467068481e-15,3.0000000000009974
1.4,28,random_matched,0.21498810098611498,0.3705544536100098,0.15556635262389484,0.07915508227765916,23,4.296210866789004e-15,3.0000000000009974
1.4,29,stress,0.20930829052774616,0.34738104419657645,0.1380727536688303,0.07275307201214629,20,1.7767422916863106e-15,3.0000000000009988
1.4,29,random_matched,0.17656573716757668,0.31516808352937187,0.1386023463617952,0.08571750937442879,20,2.3876428192409006e-15,3.0000000000009974
1.4,30,stress,0.16922388633698998,0.31557661946587456,0.14635273312888458,0.12540567581642428,18,2.355229548105094e-15,3.000000000000994
1.4,30,random_matched,0.1588736202783279,0.31456769008064994,0.15569406980232203,0.1335130014622367,18,1.8452761694870047e-15,3.000000000000998
1.4,31,stress,0.21177392149130786,0.37464562035292703,0.16287169886161917,0.05159199576267593,25,3.205164819027931e-15,3.000000000000998
1.4,31,random_matched,0.243985216649261,0.40364099482948884,0.15965577818022783,0.06030855708075033,25,2.7829876527295707e-15,3.000000000000997
1.4,32,stress,0.15568906973149416,0.29620279700947877,0.1405137272779846,0.08838883810202276,21,5.158533420022635e-16,3.0000000000009925
1.4,32,random_matched,0.13332341996285682,0.27498431374114607,0.14166089377828925,0.09676319702416755,21,3.73143638952288e-15,3.0000000000009988
1.4,33,stress,0.07620180174011787,0.23252066930246784,0.15631886756234997,0.12245256062928324,15,1.4212458387486928e-15,3.000000000000996
1.4,33,random_matched,0.13428222501231837,0.27788082731917996,0.14359860230686158,0.13892968203162231,15,1.628386240010014e-15,3.000000000000983
1.4,34,stress,0.16253061428129179,0.296697688666487,0.1341670743851952,0.09886854338650469,14,7.13353691902072e-16,3.0000000000009983
1.4,34,random_matched,0.11164189483730944,0.2560782578681123,0.14443636303080284,0.12291374159380228,14,5.07889325565782e-16,3.0000000000009988
1.4,35,stress,0.1385372765751048,0.28167157833380285,0.14313430175869804,0.06884499187718424,17,2.4032047603860196e-15,3.000000000000993
1.4,35,random_matched,0.1381217953581133,0.2823512386292189,0.1442294432711056,0.1134104810578378,17,6.735454684067108e-16,3.0000000000009988
1.4,36,stress,0.28029875466807586,0.45961442912574163,0.1793156744576658,0.054733282602857855,23,1.5709644901082305e-15,3.000000000000995
1.4,36,random_matched,0.15486271170996657,0.31907285278810354,0.16421014107813697,0.18061079115470371,23,8.8446328062406735e-16,3.0000000000009974
1.4,37,stress,0.148198178366408,0.28970068840887925,0.14150251004247125,0.09340167048666487,17,2.570618530900423e-16,3.0000000000009934
1.4,37,random_matched,0.17930696109169508,0.31965574378844647,0.14034878269675138,0.10738940302665577,17,1.8378392579393676e-15,3.0000000000009983
1.4,38,stress,0.1994206753162194,0.35560591008360676,0.15618523476738735,0.1009729879424754,19,2.288428086676825e-15,3.0000000000009925
1.4,38,random_matched,0.2623895290569707,0.4120139543482552,0.1496244252912845,0.055428325412278164,19,1.4298537100259846e-15,3.0000000000009845
1.4,39,stress,0.10537700954758494,0.2546820992831211,0.14930508973553613,0.15116024481282725,14,1.2681818673590821e-15,3.00000000000098
1.4,39,random_matched,0.13791669012962396,0.2864478678376525,0.14853117770802857,0.1884530414132818,14,1.0389125512203695e-15,3.000000000000996
1.4,40,stress,0.15208813569189167,0.31672931933403725,0.16464118364214558,0.1783749866685206,10,1.1111863419644166e-15,3.0000000000009925
1.4,40,random_matched,0.11666824857443372,0.29257097802505155,0.17590272945061783,0.19765978316307115,10,1.153119002023014e-15,3.0000000000009877
1.4,41,stress,0.1769345346819045,0.32697823280281296,0.15004369812090845,0.06577329791577023,18,3.1402939496731805e-15,3.000000000000997
1.4,41,random_matched,0.25154615809496017,0.4001680258717529,0.1486218677767927,0.05977757253431961,18,1.7534423038769152e-15,3.000000000000998
1.4,42,stress,0.28274731286888366,0.45182177590401845,0.16907446303513482,0.03964179884086086,27,3.875247829167509e-15,3.0000000000009988
1.4,42,random_matched,0.1076283379885821,0.2648985944976258,0.15727025650904372,0.09540414161927906,27,2.0539125955565396e-15,3.000000000000997
1.4,43,stress,0.10780399634569957,0.2541516917131977,0.14634769536749812,0.14128986478658828,17,5.6281878705603595e-16,3.000000000000975
1.4,43,random_matched,0.15170065523316278,0.3043724660776638,0.152671810844501,0.09046261440792161,17,1.6016140272084795e-15,3.0000000000009988
1.4,44,stress,0.12599207444675053,0.280910748777199,0.15491867433044848,0.12467358186120378,17,2.2942370713522844e-15,3.0000000000009974
1.4,44,random_matched,0.20340184176768977,0.36480445950812546,0.16140261774043568,0.05916922191477588,17,6.323833120356729e-16,3.000000000000995
1.4,45,stress,0.242862890598327,0.40113415737851355,0.15827126678018655,0.09809028695858463,22,1.6747652892626934e-15,3.000000000000997
1.4,45,random_matched,0.25482922095423655,0.40834475434176937,0.15351553338753282,0.06955544036861804,22,7.586524001605237e-16,3.0000000000009965
1.4,46,stress,0.2448601905577111,0.41060845191875633,0.16574826136104523,0.06301083528225868,22,1.1680814909458736e-15,3.0000000000009934
1.4,46,random_matched,0.25911943393971715,0.41061087962284576,0.15149144568312864,0.052587430110278256,22,1.0282474123601692e-15,3.000000000000995
1.4,47,stress,0.04824584717380326,0.2068095320408653,0.15856368486706204,0.10203329036711328,19,2.525740436169533e-15,3.000000000000999
1.4,47,random_matched,0.28006240531621523,0.4278075490579158,0.14774514374170056,0.07183652313911268,19,1.5935772420017174e-15,3.0000000000009948
1.4,48,stress,0.08265817974393047,0.24493730386945986,0.1622791241255294,0.16655205270719498,12,1.8023798249275798e-15,3.0000000000009983
1.4,48,random_matched,0.09559998511810916,0.23707575086049743,0.14147576574238827,0.13200596076980758,12,1.1133027060603096e-15,3.000000000000999
1.4,49,stress,0.2052679496180495,0.3701271484735663,0.1648591988555168,0.07773513166070138,24,1.4475537224895361e-15,3.000000000000998
1.4,49,random_matched,0.20838767223673194,0.3722487410412674,0.16386106880453544,0.052449666432141245,24,6.588986324982711e-16,3.0000000000009983
1.4,50,stress,0.14645692061922982,0.31740952264639327,0.17095260202716345,0.08887359622699421,26,9.92334611189791e-16,3.0000000000009934
1.4,50,random_matched,0.21852452314984622,0.36329814933591553,0.14477362618606932,0.06088153496206824,26,8.21190398395152e-16,3.000000000000989
1.4,51,stress,0.14875481015152345,0.3119129859662102,0.16315817581468675,0.08368093349668258,19,1.784967424196591e-15,3.0000000000009983
1.4,51,random_matched,0.1847606344571467,0.3429026893426783,0.15814205488553162,0.0889109111847549,19,4.028030567507405e-15,3.0000000000009917
1.4,52,stress,0.17863089546535763,0.34550215576988647,0.16687126030452884,0.07589422435048665,20,7.216449660063518e-16,3.0000000000009965
1.4,52,random_matched,0.17323571303873736,0.3263136021147448,0.15307788907600745,0.09692713499886806,20,7.411319434423198e-16,3.0000000000009965
1.4,53,stress,0.3157707272337117,0.4950289888588793,0.1792582616251676,0.05809230937749642,28,1.813576676234372e-16,3.0000000000009983
1.4,53,random_matched,0.3143421793092558,0.4886291401436316,0.17428696083437584,0.04641069167724829,28,1.0525996854380932e-15,3.0000000000009988
1.4,54,stress,0.27499388732472585,0.43111305042751585,0.15611916310279003,0.04067325615996317,26,2.549366576103988e-15,3.0000000000009948
1.4,54,random_matched,0.18029703155678803,0.33440505994165814,0.15410802838487012,0.06616418926725942,26,9.13278413448442e-16,3.0000000000009988
1.4,55,stress,0.22552745063422835,0.38418694460883646,0.1586594939746081,0.07669368229257081,20,9.920218763407734e-16,3.000000000000998
1.4,55,random_matched,0.22544350361628662,0.4061029524822745,0.1806594488659879,0.1776540208548538,20,1.2994827337208943e-15,3.000000000000997
1.4,56,stress,0.15300872132665838,0.30058822753772485,0.14757950621106647,0.06870814648278802,19,9.701666676626479e-16,3.0000000000009988
1.4,56,random_matched,0.20626544839142427,0.3648123529272702,0.15854690453584594,0.06692942835865998,19,1.4515691358133974e-15,3.000000000000997
1.4,57,stress,0.19554352092504645,0.340548262592257,0.14500474166721056,0.07654443948988576,21,6.542051911182396e-16,3.0000000000009956
1.4,57,random_matched,0.15666501526970983,0.3125584197087554,0.1558934044390456,0.1042430878156071,21,1.0926989377837195e-15,3.0000000000009983
1.4,58,stress,0.20376490052067917,0.34257631579220676,0.1388114152715276,0.08095409944129814,23,2.413228079623087e-15,3.000000000000998
1.4,58,random_matched,0.219204709854766,0.3674269722397158,0.14822226238494982,0.05984354496912456,23,1.2284085275872206e-15,3.0000000000009983
1.4,59,stress,0.22406956505093928,0.3859053629943823,0.161835797943443,0.05841156243284782,29,1.5700924586837751e-15,3.000000000000997
1.4,59,random_matched,0.3604325736263555,0.5300010093322061,0.16956843570585056,0.044645333723663215,29,1.1255371690773765e-15,3.0000000000009988
1.4,60,stress,0.17208766881716425,0.3172376344985761,0.14514996568141186,0.07762898833196935,17,2.1467501868411733e-15,3.0000000000009965
1.4,60,random_matched,0.15972713454972393,0.3100999387096589,0.15037280415993498,0.09021405806867622,17,1.1133027060603096e-15,3.0000000000009956
1.4,61,stress,0.15257081724164773,0.2805749341106917,0.12800411686904395,0.06507307166636773,21,1.3986227673295295e-15,3.0000000000009988
1.4,61,random_matched,0.20208783285207416,0.34042863581921295,0.1383408029671388,0.07815667124056894,21,1.742559065573599e-15,3.0000000000009988
1.4,62,stress,0.15720050318090983,0.2937735904986442,0.13657308731773438,0.11133745137019788,15,1.5601387957998471e-15,3.000000000000992
1.4,62,random_matched,0.1435309788567573,0.2785406530625458,0.13500967420578847,0.08729277461923192,15,1.593040014719485e-15,3.000000000000995
1.4,63,stress,0.17620214780964558,0.31511138051786863,0.13890923270822306,0.09396406322063683,14,3.658498863644264e-15,3.0000000000009974
1.4,63,random_matched,0.12864112148556547,0.2538917275025854,0.1252506060170199,0.1553657608470047,14,1.441390865490181e-15,3.000000000000991
