model,seed,family,direction,normalized_trajectory_l2_error,memory_rms
adr,26090424,heldout_harmonic_mode,plus,2.6197091035125452e-05,0.001919746113961775
adr,26090424,heldout_harmonic_mode,minus,2.622438964744764e-05,0.0019197461139617755
adr,26090424,heldout_two_lobe_mode,plus,1.8952898762245306e-05,0.0015132658141173653
adr,26090424,heldout_two_lobe_mode,minus,1.923104777923642e-05,0.0015475966141568723
adr,26090425,heldout_harmonic_mode,plus,2.6197091035125185e-05,0.0019197461139617757
adr,26090425,heldout_harmonic_mode,minus,2.6224389647443483e-05,0.001919746113961775
adr,26090425,heldout_two_lobe_mode,plus,1.8952898762239434e-05,0.001513265814117365
adr,26090425,heldout_two_lobe_mode,minus,1.9231047779228063e-05,0.0015475966141568723
adr,26090426,heldout_harmonic_mode,plus,2.619709103511747e-05,0.0019197461139617755
adr,26090426,heldout_harmonic_mode,minus,2.6224389647461193e-05,0.0019197461139617753
adr,26090426,heldout_two_lobe_mode,plus,1.895289876224145e-05,0.001513265814117365
adr,26090426,heldout_two_lobe_mode,minus,1.9231047779236536e-05,0.0015475966141568723
adr,26090427,heldout_harmonic_mode,plus,2.619709103511795e-05,0.0019197461139617755
adr,26090427,heldout_harmonic_mode,minus,2.6224389647455226e-05,0.0019197461139617755
adr,26090427,heldout_two_lobe_mode,plus,1.8952898762233346e-05,0.0015132658141173655
adr,26090427,heldout_two_lobe_mode,minus,1.9231047779239e-05,0.0015475966141568725
adr,26090428,heldout_harmonic_mode,plus,2.6197091035128017e-05,0.0019197461139617755
adr,26090428,heldout_harmonic_mode,minus,2.6224389647468745e-05,0.0019197461139617753
adr,26090428,heldout_two_lobe_mode,plus,1.8952898762242243e-05,0.0015132658141173653
adr,26090428,heldout_two_lobe_mode,minus,1.923104777923466e-05,0.0015475966141568723
adr,26090429,heldout_harmonic_mode,plus,2.619709103511304e-05,0.0019197461139617755
adr,26090429,heldout_harmonic_mode,minus,2.6224389647478184e-05,0.0019197461139617757
adr,26090429,heldout_two_lobe_mode,plus,1.895289876224948e-05,0.0015132658141173653
adr,26090429,heldout_two_lobe_mode,minus,1.923104777924558e-05,0.0015475966141568723
adr,26090430,heldout_harmonic_mode,plus,2.6197091035136352e-05,0.0019197461139617755
adr,26090430,heldout_harmonic_mode,minus,2.622438964747725e-05,0.0019197461139617757
adr,26090430,heldout_two_lobe_mode,plus,1.895289876224089e-05,0.0015132658141173653
adr,26090430,heldout_two_lobe_mode,minus,1.923104777923849e-05,0.0015475966141568723
adr,26090431,heldout_harmonic_mode,plus,2.6197091035126994e-05,0.0019197461139617755
adr,26090431,heldout_harmonic_mode,minus,2.6224389647465726e-05,0.0019197461139617755
adr,26090431,heldout_two_lobe_mode,plus,1.8952898762230953e-05,0.001513265814117365
adr,26090431,heldout_two_lobe_mode,minus,1.923104777924432e-05,0.0015475966141568723
adr,26090432,heldout_harmonic_mode,plus,2.619709103512014e-05,0.0019197461139617753
adr,26090432,heldout_harmonic_mode,minus,2.6224389647442992e-05,0.0019197461139617753
adr,26090432,heldout_two_lobe_mode,plus,1.895289876224246e-05,0.0015132658141173655
adr,26090432,heldout_two_lobe_mode,minus,1.9231047779221622e-05,0.0015475966141568725
adr,26090433,heldout_harmonic_mode,plus,2.619709103511835e-05,0.0019197461139617755
adr,26090433,heldout_harmonic_mode,minus,2.6224389647457456e-05,0.0019197461139617757
adr,26090433,heldout_two_lobe_mode,plus,1.895289876223575e-05,0.0015132658141173655
adr,26090433,heldout_two_lobe_mode,minus,1.923104777922611e-05,0.0015475966141568725
adr,26090434,heldout_harmonic_mode,plus,2.6197091035129017e-05,0.0019197461139617755
adr,26090434,heldout_harmonic_mode,minus,2.6224389647463924e-05,0.0019197461139617753
adr,26090434,heldout_two_lobe_mode,plus,1.8952898762247793e-05,0.0015132658141173655
adr,26090434,heldout_two_lobe_mode,minus,1.9231047779230797e-05,0.0015475966141568728
adr,26090435,heldout_harmonic_mode,plus,2.619709103512341e-05,0.0019197461139617753
adr,26090435,heldout_harmonic_mode,minus,2.6224389647454887e-05,0.0019197461139617753
adr,26090435,heldout_two_lobe_mode,plus,1.8952898762237015e-05,0.0015132658141173653
adr,26090435,heldout_two_lobe_mode,minus,1.9231047779233413e-05,0.0015475966141568723
adr,26090436,heldout_harmonic_mode,plus,2.6197091035104233e-05,0.0019197461139617753
adr,26090436,heldout_harmonic_mode,minus,2.6224389647478194e-05,0.0019197461139617753
adr,26090436,heldout_two_lobe_mode,plus,1.895289876224959e-05,0.0015132658141173655
adr,26090436,heldout_two_lobe_mode,minus,1.9231047779226453e-05,0.0015475966141568725
adr,26090437,heldout_harmonic_mode,plus,2.6197091035135254e-05,0.001919746113961776
adr,26090437,heldout_harmonic_mode,minus,2.622438964744837e-05,0.0019197461139617753
adr,26090437,heldout_two_lobe_mode,plus,1.8952898762239624e-05,0.0015132658141173653
adr,26090437,heldout_two_lobe_mode,minus,1.923104777923226e-05,0.0015475966141568728
adr,26090438,heldout_harmonic_mode,plus,2.6197091035124832e-05,0.0019197461139617755
adr,26090438,heldout_harmonic_mode,minus,2.6224389647459245e-05,0.0019197461139617755
adr,26090438,heldout_two_lobe_mode,plus,1.8952898762252573e-05,0.0015132658141173653
adr,26090438,heldout_two_lobe_mode,minus,1.9231047779232023e-05,0.0015475966141568723
adr,26090439,heldout_harmonic_mode,plus,2.6197091035131873e-05,0.0019197461139617755
adr,26090439,heldout_harmonic_mode,minus,2.6224389647467383e-05,0.0019197461139617753
adr,26090439,heldout_two_lobe_mode,plus,1.8952898762244825e-05,0.0015132658141173653
adr,26090439,heldout_two_lobe_mode,minus,1.923104777924999e-05,0.0015475966141568723
adr,26090440,heldout_harmonic_mode,plus,2.6197091035124758e-05,0.0019197461139617753
adr,26090440,heldout_harmonic_mode,minus,2.6224389647466455e-05,0.0019197461139617757
adr,26090440,heldout_two_lobe_mode,plus,1.8952898762245028e-05,0.0015132658141173653
adr,26090440,heldout_two_lobe_mode,minus,1.923104777923946e-05,0.0015475966141568725
adr,26090441,heldout_harmonic_mode,plus,2.6197091035139757e-05,0.0019197461139617755
adr,26090441,heldout_harmonic_mode,minus,2.6224389647461918e-05,0.0019197461139617753
adr,26090441,heldout_two_lobe_mode,plus,1.8952898762232956e-05,0.0015132658141173653
adr,26090441,heldout_two_lobe_mode,minus,1.923104777922935e-05,0.0015475966141568723
adr,26090442,heldout_harmonic_mode,plus,2.6197091035126e-05,0.0019197461139617757
adr,26090442,heldout_harmonic_mode,minus,2.6224389647460217e-05,0.0019197461139617753
adr,26090442,heldout_two_lobe_mode,plus,1.895289876225544e-05,0.0015132658141173653
adr,26090442,heldout_two_lobe_mode,minus,1.923104777923134e-05,0.0015475966141568725
adr,26090443,heldout_harmonic_mode,plus,2.6197091035125e-05,0.001919746113961776
adr,26090443,heldout_harmonic_mode,minus,2.622438964746049e-05,0.001919746113961775
adr,26090443,heldout_two_lobe_mode,plus,1.895289876224861e-05,0.0015132658141173655
adr,26090443,heldout_two_lobe_mode,minus,1.9231047779242987e-05,0.0015475966141568725
adr,26090444,heldout_harmonic_mode,plus,2.61970910351302e-05,0.0019197461139617755
adr,26090444,heldout_harmonic_mode,minus,2.6224389647454945e-05,0.0019197461139617753
adr,26090444,heldout_two_lobe_mode,plus,1.895289876223548e-05,0.0015132658141173655
adr,26090444,heldout_two_lobe_mode,minus,1.9231047779229665e-05,0.0015475966141568723
adr,26090445,heldout_harmonic_mode,plus,2.619709103512076e-05,0.0019197461139617755
adr,26090445,heldout_harmonic_mode,minus,2.622438964747572e-05,0.0019197461139617753
adr,26090445,heldout_two_lobe_mode,plus,1.895289876225428e-05,0.0015132658141173655
adr,26090445,heldout_two_lobe_mode,minus,1.923104777922412e-05,0.0015475966141568723
adr,26090446,heldout_harmonic_mode,plus,2.619709103512633e-05,0.0019197461139617755
adr,26090446,heldout_harmonic_mode,minus,2.622438964745391e-05,0.0019197461139617755
adr,26090446,heldout_two_lobe_mode,plus,1.895289876223728e-05,0.0015132658141173653
adr,26090446,heldout_two_lobe_mode,minus,1.9231047779218197e-05,0.0015475966141568723
adr,26090447,heldout_harmonic_mode,plus,2.6197091035122898e-05,0.0019197461139617755
adr,26090447,heldout_harmonic_mode,minus,2.6224389647429825e-05,0.0019197461139617757
adr,26090447,heldout_two_lobe_mode,plus,1.8952898762241213e-05,0.0015132658141173655
adr,26090447,heldout_two_lobe_mode,minus,1.923104777921455e-05,0.0015475966141568725
advection_diffusion,26090424,heldout_harmonic_mode,plus,0.04861944532792958,0.001919746113961775
advection_diffusion,26090424,heldout_harmonic_mode,minus,0.04861941170837003,0.0019197461139617755
advection_diffusion,26090424,heldout_two_lobe_mode,plus,0.04861966863721754,0.0015132658141173653
advection_diffusion,26090424,heldout_two_lobe_mode,minus,0.04861918170460448,0.0015475966141568723
advection_diffusion,26090425,heldout_harmonic_mode,plus,0.04861944532792957,0.0019197461139617757
advection_diffusion,26090425,heldout_harmonic_mode,minus,0.04861941170837004,0.001919746113961775
advection_diffusion,26090425,heldout_two_lobe_mode,plus,0.048619668637217554,0.001513265814117365
advection_diffusion,26090425,heldout_two_lobe_mode,minus,0.04861918170460448,0.0015475966141568723
advection_diffusion,26090426,heldout_harmonic_mode,plus,0.04861944532792955,0.0019197461139617755
advection_diffusion,26090426,heldout_harmonic_mode,minus,0.048619411708370024,0.0019197461139617753
advection_diffusion,26090426,heldout_two_lobe_mode,plus,0.048619668637217506,0.001513265814117365
advection_diffusion,26090426,heldout_two_lobe_mode,minus,0.04861918170460446,0.0015475966141568723
advection_diffusion,26090427,heldout_harmonic_mode,plus,0.048619445327929556,0.0019197461139617755
advection_diffusion,26090427,heldout_harmonic_mode,minus,0.04861941170837003,0.0019197461139617755
advection_diffusion,26090427,heldout_two_lobe_mode,plus,0.04861966863721754,0.0015132658141173655
advection_diffusion,26090427,heldout_two_lobe_mode,minus,0.04861918170460445,0.0015475966141568725
advection_diffusion,26090428,heldout_harmonic_mode,plus,0.048619445327929584,0.0019197461139617755
advection_diffusion,26090428,heldout_harmonic_mode,minus,0.04861941170837003,0.0019197461139617753
advection_diffusion,26090428,heldout_two_lobe_mode,plus,0.048619668637217554,0.0015132658141173653
advection_diffusion,26090428,heldout_two_lobe_mode,minus,0.04861918170460447,0.0015475966141568723
advection_diffusion,26090429,heldout_harmonic_mode,plus,0.048619445327929604,0.0019197461139617755
advection_diffusion,26090429,heldout_harmonic_mode,minus,0.04861941170837003,0.0019197461139617757
advection_diffusion,26090429,heldout_two_lobe_mode,plus,0.048619668637217554,0.0015132658141173653
advection_diffusion,26090429,heldout_two_lobe_mode,minus,0.04861918170460445,0.0015475966141568723
advection_diffusion,26090430,heldout_harmonic_mode,plus,0.048619445327929584,0.0019197461139617755
advection_diffusion,26090430,heldout_harmonic_mode,minus,0.04861941170837006,0.0019197461139617757
advection_diffusion,26090430,heldout_two_lobe_mode,plus,0.048619668637217534,0.0015132658141173653
advection_diffusion,26090430,heldout_two_lobe_mode,minus,0.04861918170460447,0.0015475966141568723
advection_diffusion,26090431,heldout_harmonic_mode,plus,0.048619445327929584,0.0019197461139617755
advection_diffusion,26090431,heldout_harmonic_mode,minus,0.04861941170837005,0.0019197461139617755
advection_diffusion,26090431,heldout_two_lobe_mode,plus,0.04861966863721756,0.001513265814117365
advection_diffusion,26090431,heldout_two_lobe_mode,minus,0.04861918170460448,0.0015475966141568723
advection_diffusion,26090432,heldout_harmonic_mode,plus,0.048619445327929584,0.0019197461139617753
advection_diffusion,26090432,heldout_harmonic_mode,minus,0.048619411708370024,0.0019197461139617753
advection_diffusion,26090432,heldout_two_lobe_mode,plus,0.048619668637217534,0.0015132658141173655
advection_diffusion,26090432,heldout_two_lobe_mode,minus,0.04861918170460447,0.0015475966141568725
advection_diffusion,26090433,heldout_harmonic_mode,plus,0.04861944532792955,0.0019197461139617755
advection_diffusion,26090433,heldout_harmonic_mode,minus,0.04861941170837003,0.0019197461139617757
advection_diffusion,26090433,heldout_two_lobe_mode,plus,0.048619668637217534,0.0015132658141173655
advection_diffusion,26090433,heldout_two_lobe_mode,minus,0.04861918170460447,0.0015475966141568725
advection_diffusion,26090434,heldout_harmonic_mode,plus,0.04861944532792957,0.0019197461139617755
advection_diffusion,26090434,heldout_harmonic_mode,minus,0.04861941170837003,0.0019197461139617753
advection_diffusion,26090434,heldout_two_lobe_mode,plus,0.048619668637217554,0.0015132658141173655
advection_diffusion,26090434,heldout_two_lobe_mode,minus,0.04861918170460447,0.0015475966141568728
advection_diffusion,26090435,heldout_harmonic_mode,plus,0.048619445327929604,0.0019197461139617753
advection_diffusion,26090435,heldout_harmonic_mode,minus,0.04861941170837005,0.0019197461139617753
advection_diffusion,26090435,heldout_two_lobe_mode,plus,0.04861966863721757,0.0015132658141173653
advection_diffusion,26090435,heldout_two_lobe_mode,minus,0.04861918170460448,0.0015475966141568723
advection_diffusion,26090436,heldout_harmonic_mode,plus,0.04861944532792957,0.0019197461139617753
advection_diffusion,26090436,heldout_harmonic_mode,minus,0.04861941170837003,0.0019197461139617753
advection_diffusion,26090436,heldout_two_lobe_mode,plus,0.048619668637217554,0.0015132658141173655
advection_diffusion,26090436,heldout_two_lobe_mode,minus,0.048619181704604476,0.0015475966141568725
advection_diffusion,26090437,heldout_harmonic_mode,plus,0.048619445327929584,0.001919746113961776
advection_diffusion,26090437,heldout_harmonic_mode,minus,0.04861941170837003,0.0019197461139617753
advection_diffusion,26090437,heldout_two_lobe_mode,plus,0.048619668637217554,0.0015132658141173653
advection_diffusion,26090437,heldout_two_lobe_mode,minus,0.04861918170460447,0.0015475966141568728
advection_diffusion,26090438,heldout_harmonic_mode,plus,0.048619445327929584,0.0019197461139617755
advection_diffusion,26090438,heldout_harmonic_mode,minus,0.04861941170837003,0.0019197461139617755
advection_diffusion,26090438,heldout_two_lobe_mode,plus,0.04861966863721757,0.0015132658141173653
advection_diffusion,26090438,heldout_two_lobe_mode,minus,0.04861918170460448,0.0015475966141568723
advection_diffusion,26090439,heldout_harmonic_mode,plus,0.04861944532792957,0.0019197461139617755
advection_diffusion,26090439,heldout_harmonic_mode,minus,0.04861941170837006,0.0019197461139617753
advection_diffusion,26090439,heldout_two_lobe_mode,plus,0.04861966863721756,0.0015132658141173653
advection_diffusion,26090439,heldout_two_lobe_mode,minus,0.04861918170460448,0.0015475966141568723
advection_diffusion,26090440,heldout_harmonic_mode,plus,0.04861944532792957,0.0019197461139617753
advection_diffusion,26090440,heldout_harmonic_mode,minus,0.04861941170837004,0.0019197461139617757
advection_diffusion,26090440,heldout_two_lobe_mode,plus,0.048619668637217554,0.0015132658141173653
advection_diffusion,26090440,heldout_two_lobe_mode,minus,0.04861918170460447,0.0015475966141568725
advection_diffusion,26090441,heldout_harmonic_mode,plus,0.048619445327929604,0.0019197461139617755
advection_diffusion,26090441,heldout_harmonic_mode,minus,0.04861941170837005,0.0019197461139617753
advection_diffusion,26090441,heldout_two_lobe_mode,plus,0.04861966863721757,0.0015132658141173653
advection_diffusion,26090441,heldout_two_lobe_mode,minus,0.04861918170460448,0.0015475966141568723
advection_diffusion,26090442,heldout_harmonic_mode,plus,0.04861944532792957,0.0019197461139617757
advection_diffusion,26090442,heldout_harmonic_mode,minus,0.04861941170837001,0.0019197461139617753
advection_diffusion,26090442,heldout_two_lobe_mode,plus,0.04861966863721754,0.0015132658141173653
advection_diffusion,26090442,heldout_two_lobe_mode,minus,0.04861918170460445,0.0015475966141568725
advection_diffusion,26090443,heldout_harmonic_mode,plus,0.048619445327929584,0.001919746113961776
advection_diffusion,26090443,heldout_harmonic_mode,minus,0.04861941170837004,0.001919746113961775
advection_diffusion,26090443,heldout_two_lobe_mode,plus,0.04861966863721756,0.0015132658141173655
advection_diffusion,26090443,heldout_two_lobe_mode,minus,0.04861918170460448,0.0015475966141568725
advection_diffusion,26090444,heldout_harmonic_mode,plus,0.04861944532792958,0.0019197461139617755
advection_diffusion,26090444,heldout_harmonic_mode,minus,0.048619411708370024,0.0019197461139617753
advection_diffusion,26090444,heldout_two_lobe_mode,plus,0.04861966863721752,0.0015132658141173655
advection_diffusion,26090444,heldout_two_lobe_mode,minus,0.04861918170460445,0.0015475966141568723
advection_diffusion,26090445,heldout_harmonic_mode,plus,0.048619445327929584,0.0019197461139617755
advection_diffusion,26090445,heldout_harmonic_mode,minus,0.04861941170837006,0.0019197461139617753
advection_diffusion,26090445,heldout_two_lobe_mode,plus,0.04861966863721756,0.0015132658141173655
advection_diffusion,26090445,heldout_two_lobe_mode,minus,0.04861918170460448,0.0015475966141568723
advection_diffusion,26090446,heldout_harmonic_mode,plus,0.048619445327929556,0.0019197461139617755
advection_diffusion,26090446,heldout_harmonic_mode,minus,0.048619411708370024,0.0019197461139617755
advection_diffusion,26090446,heldout_two_lobe_mode,plus,0.04861966863721753,0.0015132658141173653
advection_diffusion,26090446,heldout_two_lobe_mode,minus,0.04861918170460447,0.0015475966141568723
advection_diffusion,26090447,heldout_harmonic_mode,plus,0.04861944532792959,0.0019197461139617755
advection_diffusion,26090447,heldout_harmonic_mode,minus,0.04861941170837003,0.0019197461139617757
advection_diffusion,26090447,heldout_two_lobe_mode,plus,0.048619668637217554,0.0015132658141173655
advection_diffusion,26090447,heldout_two_lobe_mode,minus,0.048619181704604476,0.0015475966141568725
diffusion_reaction,26090424,heldout_harmonic_mode,plus,0.005648519629083709,0.001919746113961775
diffusion_reaction,26090424,heldout_harmonic_mode,minus,0.005638734338632598,0.0019197461139617755
diffusion_reaction,26090424,heldout_two_lobe_mode,plus,0.005643750422442407,0.0015132658141173653
diffusion_reaction,26090424,heldout_two_lobe_mode,minus,0.005643453124507004,0.0015475966141568723
diffusion_reaction,26090425,heldout_harmonic_mode,plus,0.005648519629083713,0.0019197461139617757
diffusion_reaction,26090425,heldout_harmonic_mode,minus,0.005638734338632637,0.001919746113961775
diffusion_reaction,26090425,heldout_two_lobe_mode,plus,0.005643750422442401,0.001513265814117365
diffusion_reaction,26090425,heldout_two_lobe_mode,minus,0.005643453124507023,0.0015475966141568723
diffusion_reaction,26090426,heldout_harmonic_mode,plus,0.0056485196290837,0.0019197461139617755
diffusion_reaction,26090426,heldout_harmonic_mode,minus,0.00563873433863262,0.0019197461139617753
diffusion_reaction,26090426,heldout_two_lobe_mode,plus,0.005643750422442384,0.001513265814117365
diffusion_reaction,26090426,heldout_two_lobe_mode,minus,0.0056434531245069895,0.0015475966141568723
diffusion_reaction,26090427,heldout_harmonic_mode,plus,0.005648519629083728,0.0019197461139617755
diffusion_reaction,26090427,heldout_harmonic_mode,minus,0.00563873433863262,0.0019197461139617755
diffusion_reaction,26090427,heldout_two_lobe_mode,plus,0.00564375042244239,0.0015132658141173655
diffusion_reaction,26090427,heldout_two_lobe_mode,minus,0.005643453124507014,0.0015475966141568725
diffusion_reaction,26090428,heldout_harmonic_mode,plus,0.005648519629083718,0.0019197461139617755
diffusion_reaction,26090428,heldout_harmonic_mode,minus,0.005638734338632609,0.0019197461139617753
diffusion_reaction,26090428,heldout_two_lobe_mode,plus,0.0056437504224423965,0.0015132658141173653
diffusion_reaction,26090428,heldout_two_lobe_mode,minus,0.005643453124507014,0.0015475966141568723
diffusion_reaction,26090429,heldout_harmonic_mode,plus,0.005648519629083709,0.0019197461139617755
diffusion_reaction,26090429,heldout_harmonic_mode,minus,0.005638734338632596,0.0019197461139617757
diffusion_reaction,26090429,heldout_two_lobe_mode,plus,0.005643750422442386,0.0015132658141173653
diffusion_reaction,26090429,heldout_two_lobe_mode,minus,0.005643453124506978,0.0015475966141568723
diffusion_reaction,26090430,heldout_harmonic_mode,plus,0.005648519629083695,0.0019197461139617755
diffusion_reaction,26090430,heldout_harmonic_mode,minus,0.005638734338632598,0.0019197461139617757
diffusion_reaction,26090430,heldout_two_lobe_mode,plus,0.005643750422442374,0.0015132658141173653
diffusion_reaction,26090430,heldout_two_lobe_mode,minus,0.005643453124506991,0.0015475966141568723
diffusion_reaction,26090431,heldout_harmonic_mode,plus,0.00564851962908371,0.0019197461139617755
diffusion_reaction,26090431,heldout_harmonic_mode,minus,0.0056387343386326075,0.0019197461139617755
diffusion_reaction,26090431,heldout_two_lobe_mode,plus,0.005643750422442386,0.001513265814117365
diffusion_reaction,26090431,heldout_two_lobe_mode,minus,0.005643453124506994,0.0015475966141568723
diffusion_reaction,26090432,heldout_harmonic_mode,plus,0.005648519629083684,0.0019197461139617753
diffusion_reaction,26090432,heldout_harmonic_mode,minus,0.005638734338632603,0.0019197461139617753
diffusion_reaction,26090432,heldout_two_lobe_mode,plus,0.005643750422442372,0.0015132658141173655
diffusion_reaction,26090432,heldout_two_lobe_mode,minus,0.005643453124507,0.0015475966141568725
diffusion_reaction,26090433,heldout_harmonic_mode,plus,0.0056485196290837255,0.0019197461139617755
diffusion_reaction,26090433,heldout_harmonic_mode,minus,0.005638734338632639,0.0019197461139617757
diffusion_reaction,26090433,heldout_two_lobe_mode,plus,0.005643750422442389,0.0015132658141173655
diffusion_reaction,26090433,heldout_two_lobe_mode,minus,0.005643453124507019,0.0015475966141568725
diffusion_reaction,26090434,heldout_harmonic_mode,plus,0.005648519629083693,0.0019197461139617755
diffusion_reaction,26090434,heldout_harmonic_mode,minus,0.005638734338632592,0.0019197461139617753
diffusion_reaction,26090434,heldout_two_lobe_mode,plus,0.005643750422442379,0.0015132658141173655
diffusion_reaction,26090434,heldout_two_lobe_mode,minus,0.005643453124507012,0.0015475966141568728
diffusion_reaction,26090435,heldout_harmonic_mode,plus,0.005648519629083717,0.0019197461139617753
diffusion_reaction,26090435,heldout_harmonic_mode,minus,0.005638734338632612,0.0019197461139617753
diffusion_reaction,26090435,heldout_two_lobe_mode,plus,0.005643750422442382,0.0015132658141173653
diffusion_reaction,26090435,heldout_two_lobe_mode,minus,0.0056434531245069955,0.0015475966141568723
diffusion_reaction,26090436,heldout_harmonic_mode,plus,0.005648519629083705,0.0019197461139617753
diffusion_reaction,26090436,heldout_harmonic_mode,minus,0.005638734338632603,0.0019197461139617753
diffusion_reaction,26090436,heldout_two_lobe_mode,plus,0.005643750422442398,0.0015132658141173655
diffusion_reaction,26090436,heldout_two_lobe_mode,minus,0.005643453124507008,0.0015475966141568725
diffusion_reaction,26090437,heldout_harmonic_mode,plus,0.005648519629083725,0.001919746113961776
diffusion_reaction,26090437,heldout_harmonic_mode,minus,0.005638734338632617,0.0019197461139617753
diffusion_reaction,26090437,heldout_two_lobe_mode,plus,0.005643750422442389,0.0015132658141173653
diffusion_reaction,26090437,heldout_two_lobe_mode,minus,0.005643453124507013,0.0015475966141568728
diffusion_reaction,26090438,heldout_harmonic_mode,plus,0.005648519629083697,0.0019197461139617755
diffusion_reaction,26090438,heldout_harmonic_mode,minus,0.005638734338632609,0.0019197461139617755
diffusion_reaction,26090438,heldout_two_lobe_mode,plus,0.0056437504224423705,0.0015132658141173653
diffusion_reaction,26090438,heldout_two_lobe_mode,minus,0.005643453124506988,0.0015475966141568723
diffusion_reaction,26090439,heldout_harmonic_mode,plus,0.005648519629083721,0.0019197461139617755
diffusion_reaction,26090439,heldout_harmonic_mode,minus,0.0056387343386326136,0.0019197461139617753
diffusion_reaction,26090439,heldout_two_lobe_mode,plus,0.0056437504224424,0.0015132658141173653
diffusion_reaction,26090439,heldout_two_lobe_mode,minus,0.005643453124506998,0.0015475966141568723
diffusion_reaction,26090440,heldout_harmonic_mode,plus,0.005648519629083709,0.0019197461139617753
diffusion_reaction,26090440,heldout_harmonic_mode,minus,0.0056387343386326075,0.0019197461139617757
diffusion_reaction,26090440,heldout_two_lobe_mode,plus,0.005643750422442406,0.0015132658141173653
diffusion_reaction,26090440,heldout_two_lobe_mode,minus,0.005643453124507009,0.0015475966141568725
diffusion_reaction,26090441,heldout_harmonic_mode,plus,0.005648519629083712,0.0019197461139617755
diffusion_reaction,26090441,heldout_harmonic_mode,minus,0.005638734338632612,0.0019197461139617753
diffusion_reaction,26090441,heldout_two_lobe_mode,plus,0.005643750422442384,0.0015132658141173653
diffusion_reaction,26090441,heldout_two_lobe_mode,minus,0.005643453124507019,0.0015475966141568723
diffusion_reaction,26090442,heldout_harmonic_mode,plus,0.0056485196290836995,0.0019197461139617757
diffusion_reaction,26090442,heldout_harmonic_mode,minus,0.005638734338632597,0.0019197461139617753
diffusion_reaction,26090442,heldout_two_lobe_mode,plus,0.005643750422442379,0.0015132658141173653
diffusion_reaction,26090442,heldout_two_lobe_mode,minus,0.0056434531245069955,0.0015475966141568725
diffusion_reaction,26090443,heldout_harmonic_mode,plus,0.005648519629083724,0.001919746113961776
diffusion_reaction,26090443,heldout_harmonic_mode,minus,0.005638734338632626,0.001919746113961775
diffusion_reaction,26090443,heldout_two_lobe_mode,plus,0.005643750422442389,0.0015132658141173655
diffusion_reaction,26090443,heldout_two_lobe_mode,minus,0.005643453124506994,0.0015475966141568725
diffusion_reaction,26090444,heldout_harmonic_mode,plus,0.005648519629083719,0.0019197461139617755
diffusion_reaction,26090444,heldout_harmonic_mode,minus,0.005638734338632609,0.0019197461139617753
diffusion_reaction,26090444,heldout_two_lobe_mode,plus,0.005643750422442387,0.0015132658141173655
diffusion_reaction,26090444,heldout_two_lobe_mode,minus,0.0056434531245070085,0.0015475966141568723
diffusion_reaction,26090445,heldout_harmonic_mode,plus,0.005648519629083689,0.0019197461139617755
diffusion_reaction,26090445,heldout_harmonic_mode,minus,0.0056387343386326,0.0019197461139617753
diffusion_reaction,26090445,heldout_two_lobe_mode,plus,0.005643750422442382,0.0015132658141173655
diffusion_reaction,26090445,heldout_two_lobe_mode,minus,0.005643453124506981,0.0015475966141568723
diffusion_reaction,26090446,heldout_harmonic_mode,plus,0.005648519629083724,0.0019197461139617755
diffusion_reaction,26090446,heldout_harmonic_mode,minus,0.005638734338632621,0.0019197461139617755
diffusion_reaction,26090446,heldout_two_lobe_mode,plus,0.005643750422442417,0.0015132658141173653
diffusion_reaction,26090446,heldout_two_lobe_mode,minus,0.005643453124507012,0.0015475966141568723
diffusion_reaction,26090447,heldout_harmonic_mode,plus,0.005648519629083698,0.0019197461139617755
diffusion_reaction,26090447,heldout_harmonic_mode,minus,0.005638734338632612,0.0019197461139617757
diffusion_reaction,26090447,heldout_two_lobe_mode,plus,0.005643750422442395,0.0015132658141173655
diffusion_reaction,26090447,heldout_two_lobe_mode,minus,0.005643453124507014,0.0015475966141568725
diffusion_only,26090424,heldout_harmonic_mode,plus,0.04894662035300182,0.001919746113961775
diffusion_only,26090424,heldout_harmonic_mode,minus,0.048945458063235796,0.0019197461139617755
diffusion_only,26090424,heldout_two_lobe_mode,plus,0.04894629509219052,0.0015132658141173653
diffusion_only,26090424,heldout_two_lobe_mode,minus,0.0489457769751142,0.0015475966141568723
diffusion_only,26090425,heldout_harmonic_mode,plus,0.04894662035300176,0.0019197461139617757
diffusion_only,26090425,heldout_harmonic_mode,minus,0.04894545806323577,0.001919746113961775
diffusion_only,26090425,heldout_two_lobe_mode,plus,0.048946295092190464,0.001513265814117365
diffusion_only,26090425,heldout_two_lobe_mode,minus,0.04894577697511414,0.0015475966141568723
diffusion_only,26090426,heldout_harmonic_mode,plus,0.04894662035300177,0.0019197461139617755
diffusion_only,26090426,heldout_harmonic_mode,minus,0.04894545806323577,0.0019197461139617753
diffusion_only,26090426,heldout_two_lobe_mode,plus,0.048946295092190464,0.001513265814117365
diffusion_only,26090426,heldout_two_lobe_mode,minus,0.04894577697511414,0.0015475966141568723
diffusion_only,26090427,heldout_harmonic_mode,plus,0.04894662035300177,0.0019197461139617755
diffusion_only,26090427,heldout_harmonic_mode,minus,0.048945458063235775,0.0019197461139617755
diffusion_only,26090427,heldout_two_lobe_mode,plus,0.048946295092190485,0.0015132658141173655
diffusion_only,26090427,heldout_two_lobe_mode,minus,0.04894577697511414,0.0015475966141568725
diffusion_only,26090428,heldout_harmonic_mode,plus,0.04894662035300177,0.0019197461139617755
diffusion_only,26090428,heldout_harmonic_mode,minus,0.04894545806323576,0.0019197461139617753
diffusion_only,26090428,heldout_two_lobe_mode,plus,0.048946295092190485,0.0015132658141173653
diffusion_only,26090428,heldout_two_lobe_mode,minus,0.04894577697511414,0.0015475966141568723
diffusion_only,26090429,heldout_harmonic_mode,plus,0.048946620353001825,0.0019197461139617755
diffusion_only,26090429,heldout_harmonic_mode,minus,0.048945458063235775,0.0019197461139617757
diffusion_only,26090429,heldout_two_lobe_mode,plus,0.04894629509219049,0.0015132658141173653
diffusion_only,26090429,heldout_two_lobe_mode,minus,0.04894577697511414,0.0015475966141568723
diffusion_only,26090430,heldout_harmonic_mode,plus,0.04894662035300182,0.0019197461139617755
diffusion_only,26090430,heldout_harmonic_mode,minus,0.04894545806323581,0.0019197461139617757
diffusion_only,26090430,heldout_two_lobe_mode,plus,0.0489462950921905,0.0015132658141173653
diffusion_only,26090430,heldout_two_lobe_mode,minus,0.048945776975114166,0.0015475966141568723
diffusion_only,26090431,heldout_harmonic_mode,plus,0.0489466203530018,0.0019197461139617755
diffusion_only,26090431,heldout_harmonic_mode,minus,0.04894545806323578,0.0019197461139617755
diffusion_only,26090431,heldout_two_lobe_mode,plus,0.048946295092190485,0.001513265814117365
diffusion_only,26090431,heldout_two_lobe_mode,minus,0.048945776975114166,0.0015475966141568723
diffusion_only,26090432,heldout_harmonic_mode,plus,0.04894662035300181,0.0019197461139617753
diffusion_only,26090432,heldout_harmonic_mode,minus,0.04894545806323578,0.0019197461139617753
diffusion_only,26090432,heldout_two_lobe_mode,plus,0.0489462950921905,0.0015132658141173655
diffusion_only,26090432,heldout_two_lobe_mode,minus,0.04894577697511417,0.0015475966141568725
diffusion_only,26090433,heldout_harmonic_mode,plus,0.048946620353001756,0.0019197461139617755
diffusion_only,26090433,heldout_harmonic_mode,minus,0.048945458063235775,0.0019197461139617757
diffusion_only,26090433,heldout_two_lobe_mode,plus,0.048946295092190464,0.0015132658141173655
diffusion_only,26090433,heldout_two_lobe_mode,minus,0.04894577697511414,0.0015475966141568725
diffusion_only,26090434,heldout_harmonic_mode,plus,0.04894662035300179,0.0019197461139617755
diffusion_only,26090434,heldout_harmonic_mode,minus,0.048945458063235796,0.0019197461139617753
diffusion_only,26090434,heldout_two_lobe_mode,plus,0.0489462950921905,0.0015132658141173655
diffusion_only,26090434,heldout_two_lobe_mode,minus,0.048945776975114166,0.0015475966141568728
diffusion_only,26090435,heldout_harmonic_mode,plus,0.048946620353001784,0.0019197461139617753
diffusion_only,26090435,heldout_harmonic_mode,minus,0.048945458063235775,0.0019197461139617753
diffusion_only,26090435,heldout_two_lobe_mode,plus,0.048946295092190485,0.0015132658141173653
diffusion_only,26090435,heldout_two_lobe_mode,minus,0.048945776975114146,0.0015475966141568723
diffusion_only,26090436,heldout_harmonic_mode,plus,0.04894662035300179,0.0019197461139617753
diffusion_only,26090436,heldout_harmonic_mode,minus,0.04894545806323577,0.0019197461139617753
diffusion_only,26090436,heldout_two_lobe_mode,plus,0.048946295092190485,0.0015132658141173655
diffusion_only,26090436,heldout_two_lobe_mode,minus,0.04894577697511416,0.0015475966141568725
diffusion_only,26090437,heldout_harmonic_mode,plus,0.0489466203530018,0.001919746113961776
diffusion_only,26090437,heldout_harmonic_mode,minus,0.04894545806323578,0.0019197461139617753
diffusion_only,26090437,heldout_two_lobe_mode,plus,0.04894629509219051,0.0015132658141173653
diffusion_only,26090437,heldout_two_lobe_mode,minus,0.048945776975114166,0.0015475966141568728
diffusion_only,26090438,heldout_harmonic_mode,plus,0.04894662035300176,0.0019197461139617755
diffusion_only,26090438,heldout_harmonic_mode,minus,0.04894545806323575,0.0019197461139617755
diffusion_only,26090438,heldout_two_lobe_mode,plus,0.04894629509219048,0.0015132658141173653
diffusion_only,26090438,heldout_two_lobe_mode,minus,0.04894577697511414,0.0015475966141568723
diffusion_only,26090439,heldout_harmonic_mode,plus,0.04894662035300177,0.0019197461139617755
diffusion_only,26090439,heldout_harmonic_mode,minus,0.048945458063235796,0.0019197461139617753
diffusion_only,26090439,heldout_two_lobe_mode,plus,0.0489462950921905,0.0015132658141173653
diffusion_only,26090439,heldout_two_lobe_mode,minus,0.04894577697511416,0.0015475966141568723
diffusion_only,26090440,heldout_harmonic_mode,plus,0.04894662035300176,0.0019197461139617753
diffusion_only,26090440,heldout_harmonic_mode,minus,0.048945458063235775,0.0019197461139617757
diffusion_only,26090440,heldout_two_lobe_mode,plus,0.048946295092190485,0.0015132658141173653
diffusion_only,26090440,heldout_two_lobe_mode,minus,0.04894577697511413,0.0015475966141568725
diffusion_only,26090441,heldout_harmonic_mode,plus,0.04894662035300179,0.0019197461139617755
diffusion_only,26090441,heldout_harmonic_mode,minus,0.04894545806323577,0.0019197461139617753
diffusion_only,26090441,heldout_two_lobe_mode,plus,0.04894629509219048,0.0015132658141173653
diffusion_only,26090441,heldout_two_lobe_mode,minus,0.04894577697511414,0.0015475966141568723
diffusion_only,26090442,heldout_harmonic_mode,plus,0.04894662035300176,0.0019197461139617757
diffusion_only,26090442,heldout_harmonic_mode,minus,0.04894545806323575,0.0019197461139617753
diffusion_only,26090442,heldout_two_lobe_mode,plus,0.048946295092190485,0.0015132658141173653
diffusion_only,26090442,heldout_two_lobe_mode,minus,0.04894577697511413,0.0015475966141568725
diffusion_only,26090443,heldout_harmonic_mode,plus,0.04894662035300179,0.001919746113961776
diffusion_only,26090443,heldout_harmonic_mode,minus,0.04894545806323578,0.001919746113961775
diffusion_only,26090443,heldout_two_lobe_mode,plus,0.0489462950921905,0.0015132658141173655
diffusion_only,26090443,heldout_two_lobe_mode,minus,0.048945776975114146,0.0015475966141568725
diffusion_only,26090444,heldout_harmonic_mode,plus,0.04894662035300179,0.0019197461139617755
diffusion_only,26090444,heldout_harmonic_mode,minus,0.048945458063235775,0.0019197461139617753
diffusion_only,26090444,heldout_two_lobe_mode,plus,0.048946295092190485,0.0015132658141173655
diffusion_only,26090444,heldout_two_lobe_mode,minus,0.04894577697511416,0.0015475966141568723
diffusion_only,26090445,heldout_harmonic_mode,plus,0.04894662035300179,0.0019197461139617755
diffusion_only,26090445,heldout_harmonic_mode,minus,0.04894545806323578,0.0019197461139617753
diffusion_only,26090445,heldout_two_lobe_mode,plus,0.0489462950921905,0.0015132658141173655
diffusion_only,26090445,heldout_two_lobe_mode,minus,0.04894577697511414,0.0015475966141568723
diffusion_only,26090446,heldout_harmonic_mode,plus,0.048946620353001756,0.0019197461139617755
diffusion_only,26090446,heldout_harmonic_mode,minus,0.04894545806323576,0.0019197461139617755
diffusion_only,26090446,heldout_two_lobe_mode,plus,0.048946295092190464,0.0015132658141173653
diffusion_only,26090446,heldout_two_lobe_mode,minus,0.04894577697511413,0.0015475966141568723
diffusion_only,26090447,heldout_harmonic_mode,plus,0.04894662035300181,0.0019197461139617755
diffusion_only,26090447,heldout_harmonic_mode,minus,0.048945458063235775,0.0019197461139617757
diffusion_only,26090447,heldout_two_lobe_mode,plus,0.048946295092190485,0.0015132658141173655
diffusion_only,26090447,heldout_two_lobe_mode,minus,0.04894577697511416,0.0015475966141568725
