seed,family,direction,kernel_error,f_only_error,maxwell_error,present_match_max_abs
26092424,calibration_mode_a,plus,0.0,2.215690097067957e-05,2.215690097067957e-05,0.0
26092424,calibration_mode_a,minus,0.0,2.25291785113518e-05,2.25291785113518e-05,0.0
26092424,calibration_mode_b,plus,0.0,2.8836447716824057e-05,2.8836447716824057e-05,0.0
26092424,calibration_mode_b,minus,0.0,1.5645190468712488e-05,1.5645190468712488e-05,0.0
26092424,heldout_harmonic_mode,plus,0.0,2.8152247477527746e-05,2.8152247477527746e-05,0.0
26092424,heldout_harmonic_mode,minus,0.0,2.817357102187629e-05,2.817357102187629e-05,0.0
26092424,heldout_two_lobe_mode,plus,0.0,2.129281068183324e-05,2.129281068183324e-05,0.0
26092424,heldout_two_lobe_mode,minus,0.0,2.191501334483787e-05,2.191501334483787e-05,0.0
26092424,heldout_diagonal_mode,plus,0.0,2.3266578578225396e-05,2.3266578578225396e-05,0.0
26092424,heldout_diagonal_mode,minus,0.0,2.328374679192218e-05,2.328374679192218e-05,0.0
26092425,calibration_mode_a,plus,0.0,2.215690097068778e-05,2.215690097068778e-05,0.0
26092425,calibration_mode_a,minus,0.0,2.2529178511370484e-05,2.2529178511370484e-05,0.0
26092425,calibration_mode_b,plus,0.0,2.8836447716823603e-05,2.8836447716823603e-05,0.0
26092425,calibration_mode_b,minus,0.0,1.5645190468726373e-05,1.5645190468726373e-05,0.0
26092425,heldout_harmonic_mode,plus,0.0,2.8152247477549322e-05,2.8152247477549322e-05,0.0
26092425,heldout_harmonic_mode,minus,0.0,2.8173571021871893e-05,2.8173571021871893e-05,0.0
26092425,heldout_two_lobe_mode,plus,0.0,2.129281068186029e-05,2.129281068186029e-05,0.0
26092425,heldout_two_lobe_mode,minus,0.0,2.1915013344840474e-05,2.1915013344840474e-05,0.0
26092425,heldout_diagonal_mode,plus,0.0,2.326657857821835e-05,2.326657857821835e-05,0.0
26092425,heldout_diagonal_mode,minus,0.0,2.3283746791941868e-05,2.3283746791941868e-05,0.0
26092426,calibration_mode_a,plus,0.0,2.2156900970691156e-05,2.2156900970691156e-05,0.0
26092426,calibration_mode_a,minus,0.0,2.252917851136596e-05,2.252917851136596e-05,0.0
26092426,calibration_mode_b,plus,0.0,2.883644771683367e-05,2.883644771683367e-05,0.0
26092426,calibration_mode_b,minus,0.0,1.56451904687202e-05,1.56451904687202e-05,0.0
26092426,heldout_harmonic_mode,plus,0.0,2.8152247477540733e-05,2.8152247477540733e-05,0.0
26092426,heldout_harmonic_mode,minus,0.0,2.817357102188489e-05,2.817357102188489e-05,0.0
26092426,heldout_two_lobe_mode,plus,0.0,2.1292810681852935e-05,2.1292810681852935e-05,0.0
26092426,heldout_two_lobe_mode,minus,0.0,2.1915013344845532e-05,2.1915013344845532e-05,0.0
26092426,heldout_diagonal_mode,plus,0.0,2.326657857823913e-05,2.326657857823913e-05,0.0
26092426,heldout_diagonal_mode,minus,0.0,2.328374679193224e-05,2.328374679193224e-05,0.0
26092427,calibration_mode_a,plus,0.0,2.2156900970678044e-05,2.2156900970678044e-05,0.0
26092427,calibration_mode_a,minus,0.0,2.252917851135386e-05,2.252917851135386e-05,0.0
26092427,calibration_mode_b,plus,0.0,2.8836447716836366e-05,2.8836447716836366e-05,0.0
26092427,calibration_mode_b,minus,0.0,1.56451904687272e-05,1.56451904687272e-05,0.0
26092427,heldout_harmonic_mode,plus,0.0,2.8152247477543203e-05,2.8152247477543203e-05,0.0
26092427,heldout_harmonic_mode,minus,0.0,2.8173571021881095e-05,2.8173571021881095e-05,0.0
26092427,heldout_two_lobe_mode,plus,0.0,2.129281068185166e-05,2.129281068185166e-05,0.0
26092427,heldout_two_lobe_mode,minus,0.0,2.1915013344841738e-05,2.1915013344841738e-05,0.0
26092427,heldout_diagonal_mode,plus,0.0,2.3266578578225573e-05,2.3266578578225573e-05,0.0
26092427,heldout_diagonal_mode,minus,0.0,2.3283746791923945e-05,2.3283746791923945e-05,0.0
26092428,calibration_mode_a,plus,0.0,2.2156900970694053e-05,2.2156900970694053e-05,0.0
26092428,calibration_mode_a,minus,0.0,2.2529178511345355e-05,2.2529178511345355e-05,0.0
26092428,calibration_mode_b,plus,0.0,2.883644771681479e-05,2.883644771681479e-05,0.0
26092428,calibration_mode_b,minus,0.0,1.5645190468719657e-05,1.5645190468719657e-05,0.0
26092428,heldout_harmonic_mode,plus,0.0,2.8152247477538886e-05,2.8152247477538886e-05,0.0
26092428,heldout_harmonic_mode,minus,0.0,2.817357102187481e-05,2.817357102187481e-05,0.0
26092428,heldout_two_lobe_mode,plus,0.0,2.1292810681847575e-05,2.1292810681847575e-05,0.0
26092428,heldout_two_lobe_mode,minus,0.0,2.1915013344844438e-05,2.1915013344844438e-05,0.0
26092428,heldout_diagonal_mode,plus,0.0,2.326657857822078e-05,2.326657857822078e-05,0.0
26092428,heldout_diagonal_mode,minus,0.0,2.328374679192868e-05,2.328374679192868e-05,0.0
26092429,calibration_mode_a,plus,0.0,2.215690097069531e-05,2.215690097069531e-05,0.0
26092429,calibration_mode_a,minus,0.0,2.2529178511353337e-05,2.2529178511353337e-05,0.0
26092429,calibration_mode_b,plus,0.0,2.88364477168347e-05,2.88364477168347e-05,0.0
26092429,calibration_mode_b,minus,0.0,1.564519046870907e-05,1.564519046870907e-05,0.0
26092429,heldout_harmonic_mode,plus,0.0,2.8152247477555756e-05,2.8152247477555756e-05,0.0
26092429,heldout_harmonic_mode,minus,0.0,2.8173571021874014e-05,2.8173571021874014e-05,0.0
26092429,heldout_two_lobe_mode,plus,0.0,2.1292810681845755e-05,2.1292810681845755e-05,0.0
26092429,heldout_two_lobe_mode,minus,0.0,2.191501334485037e-05,2.191501334485037e-05,0.0
26092429,heldout_diagonal_mode,plus,0.0,2.3266578578226813e-05,2.3266578578226813e-05,0.0
26092429,heldout_diagonal_mode,minus,0.0,2.3283746791930602e-05,2.3283746791930602e-05,0.0
26092430,calibration_mode_a,plus,0.0,2.2156900970690665e-05,2.2156900970690665e-05,0.0
26092430,calibration_mode_a,minus,0.0,2.252917851135378e-05,2.252917851135378e-05,0.0
26092430,calibration_mode_b,plus,0.0,2.8836447716836532e-05,2.8836447716836532e-05,0.0
26092430,calibration_mode_b,minus,0.0,1.5645190468730872e-05,1.5645190468730872e-05,0.0
26092430,heldout_harmonic_mode,plus,0.0,2.815224747754691e-05,2.815224747754691e-05,0.0
26092430,heldout_harmonic_mode,minus,0.0,2.8173571021872378e-05,2.8173571021872378e-05,0.0
26092430,heldout_two_lobe_mode,plus,0.0,2.1292810681856933e-05,2.1292810681856933e-05,0.0
26092430,heldout_two_lobe_mode,minus,0.0,2.1915013344841453e-05,2.1915013344841453e-05,0.0
26092430,heldout_diagonal_mode,plus,0.0,2.326657857823431e-05,2.326657857823431e-05,0.0
26092430,heldout_diagonal_mode,minus,0.0,2.3283746791930535e-05,2.3283746791930535e-05,0.0
26092431,calibration_mode_a,plus,0.0,2.2156900970683235e-05,2.2156900970683235e-05,0.0
26092431,calibration_mode_a,minus,0.0,2.252917851134338e-05,2.252917851134338e-05,0.0
26092431,calibration_mode_b,plus,0.0,2.883644771683491e-05,2.883644771683491e-05,0.0
26092431,calibration_mode_b,minus,0.0,1.564519046870801e-05,1.564519046870801e-05,0.0
26092431,heldout_harmonic_mode,plus,0.0,2.815224747755495e-05,2.815224747755495e-05,0.0
26092431,heldout_harmonic_mode,minus,0.0,2.817357102188373e-05,2.817357102188373e-05,0.0
26092431,heldout_two_lobe_mode,plus,0.0,2.12928106818427e-05,2.12928106818427e-05,0.0
26092431,heldout_two_lobe_mode,minus,0.0,2.1915013344850787e-05,2.1915013344850787e-05,0.0
26092431,heldout_diagonal_mode,plus,0.0,2.3266578578223838e-05,2.3266578578223838e-05,0.0
26092431,heldout_diagonal_mode,minus,0.0,2.3283746791928193e-05,2.3283746791928193e-05,0.0
26092432,calibration_mode_a,plus,0.0,2.2156900970686823e-05,2.2156900970686823e-05,0.0
26092432,calibration_mode_a,minus,0.0,2.2529178511360672e-05,2.2529178511360672e-05,0.0
26092432,calibration_mode_b,plus,0.0,2.8836447716834062e-05,2.8836447716834062e-05,0.0
26092432,calibration_mode_b,minus,0.0,1.5645190468715466e-05,1.5645190468715466e-05,0.0
26092432,heldout_harmonic_mode,plus,0.0,2.8152247477551145e-05,2.8152247477551145e-05,0.0
26092432,heldout_harmonic_mode,minus,0.0,2.8173571021875786e-05,2.8173571021875786e-05,0.0
26092432,heldout_two_lobe_mode,plus,0.0,2.129281068184677e-05,2.129281068184677e-05,0.0
26092432,heldout_two_lobe_mode,minus,0.0,2.1915013344840596e-05,2.1915013344840596e-05,0.0
26092432,heldout_diagonal_mode,plus,0.0,2.326657857822525e-05,2.326657857822525e-05,0.0
26092432,heldout_diagonal_mode,minus,0.0,2.3283746791913713e-05,2.3283746791913713e-05,0.0
26092433,calibration_mode_a,plus,0.0,2.2156900970683218e-05,2.2156900970683218e-05,0.0
26092433,calibration_mode_a,minus,0.0,2.2529178511370183e-05,2.2529178511370183e-05,0.0
26092433,calibration_mode_b,plus,0.0,2.8836447716822844e-05,2.8836447716822844e-05,0.0
26092433,calibration_mode_b,minus,0.0,1.5645190468721734e-05,1.5645190468721734e-05,0.0
26092433,heldout_harmonic_mode,plus,0.0,2.8152247477515993e-05,2.8152247477515993e-05,0.0
26092433,heldout_harmonic_mode,minus,0.0,2.8173571021899157e-05,2.8173571021899157e-05,0.0
26092433,heldout_two_lobe_mode,plus,0.0,2.12928106818299e-05,2.12928106818299e-05,0.0
26092433,heldout_two_lobe_mode,minus,0.0,2.1915013344850032e-05,2.1915013344850032e-05,0.0
26092433,heldout_diagonal_mode,plus,0.0,2.3266578578247484e-05,2.3266578578247484e-05,0.0
26092433,heldout_diagonal_mode,minus,0.0,2.3283746791934655e-05,2.3283746791934655e-05,0.0
26092434,calibration_mode_a,plus,0.0,2.2156900970685427e-05,2.2156900970685427e-05,0.0
26092434,calibration_mode_a,minus,0.0,2.252917851133851e-05,2.252917851133851e-05,0.0
26092434,calibration_mode_b,plus,0.0,2.8836447716825615e-05,2.8836447716825615e-05,0.0
26092434,calibration_mode_b,minus,0.0,1.56451904687229e-05,1.56451904687229e-05,0.0
26092434,heldout_harmonic_mode,plus,0.0,2.8152247477546262e-05,2.8152247477546262e-05,0.0
26092434,heldout_harmonic_mode,minus,0.0,2.8173571021863616e-05,2.8173571021863616e-05,0.0
26092434,heldout_two_lobe_mode,plus,0.0,2.129281068183024e-05,2.129281068183024e-05,0.0
26092434,heldout_two_lobe_mode,minus,0.0,2.1915013344837716e-05,2.1915013344837716e-05,0.0
26092434,heldout_diagonal_mode,plus,0.0,2.3266578578212874e-05,2.3266578578212874e-05,0.0
26092434,heldout_diagonal_mode,minus,0.0,2.3283746791929783e-05,2.3283746791929783e-05,0.0
26092435,calibration_mode_a,plus,0.0,2.2156900970697753e-05,2.2156900970697753e-05,0.0
26092435,calibration_mode_a,minus,0.0,2.252917851135417e-05,2.252917851135417e-05,0.0
26092435,calibration_mode_b,plus,0.0,2.8836447716829678e-05,2.8836447716829678e-05,0.0
26092435,calibration_mode_b,minus,0.0,1.564519046871416e-05,1.564519046871416e-05,0.0
26092435,heldout_harmonic_mode,plus,0.0,2.8152247477561536e-05,2.8152247477561536e-05,0.0
26092435,heldout_harmonic_mode,minus,0.0,2.8173571021881068e-05,2.8173571021881068e-05,0.0
26092435,heldout_two_lobe_mode,plus,0.0,2.1292810681836865e-05,2.1292810681836865e-05,0.0
26092435,heldout_two_lobe_mode,minus,0.0,2.1915013344847003e-05,2.1915013344847003e-05,0.0
26092435,heldout_diagonal_mode,plus,0.0,2.3266578578228863e-05,2.3266578578228863e-05,0.0
26092435,heldout_diagonal_mode,minus,0.0,2.328374679192251e-05,2.328374679192251e-05,0.0
26092436,calibration_mode_a,plus,0.0,2.2156900970688493e-05,2.2156900970688493e-05,0.0
26092436,calibration_mode_a,minus,0.0,2.252917851135485e-05,2.252917851135485e-05,0.0
26092436,calibration_mode_b,plus,0.0,2.883644771683197e-05,2.883644771683197e-05,0.0
26092436,calibration_mode_b,minus,0.0,1.5645190468723787e-05,1.5645190468723787e-05,0.0
26092436,heldout_harmonic_mode,plus,0.0,2.8152247477546164e-05,2.8152247477546164e-05,0.0
26092436,heldout_harmonic_mode,minus,0.0,2.8173571021886686e-05,2.8173571021886686e-05,0.0
26092436,heldout_two_lobe_mode,plus,0.0,2.129281068184709e-05,2.129281068184709e-05,0.0
26092436,heldout_two_lobe_mode,minus,0.0,2.1915013344843232e-05,2.1915013344843232e-05,0.0
26092436,heldout_diagonal_mode,plus,0.0,2.326657857824484e-05,2.326657857824484e-05,0.0
26092436,heldout_diagonal_mode,minus,0.0,2.3283746791916762e-05,2.3283746791916762e-05,0.0
26092437,calibration_mode_a,plus,0.0,2.2156900970688835e-05,2.2156900970688835e-05,0.0
26092437,calibration_mode_a,minus,0.0,2.252917851134616e-05,2.252917851134616e-05,0.0
26092437,calibration_mode_b,plus,0.0,2.8836447716838297e-05,2.8836447716838297e-05,0.0
26092437,calibration_mode_b,minus,0.0,1.5645190468719322e-05,1.5645190468719322e-05,0.0
26092437,heldout_harmonic_mode,plus,0.0,2.815224747753912e-05,2.815224747753912e-05,0.0
26092437,heldout_harmonic_mode,minus,0.0,2.8173571021889704e-05,2.8173571021889704e-05,0.0
26092437,heldout_two_lobe_mode,plus,0.0,2.1292810681844248e-05,2.1292810681844248e-05,0.0
26092437,heldout_two_lobe_mode,minus,0.0,2.1915013344835195e-05,2.1915013344835195e-05,0.0
26092437,heldout_diagonal_mode,plus,0.0,2.3266578578219135e-05,2.3266578578219135e-05,0.0
26092437,heldout_diagonal_mode,minus,0.0,2.3283746791918924e-05,2.3283746791918924e-05,0.0
26092438,calibration_mode_a,plus,0.0,2.2156900970688497e-05,2.2156900970688497e-05,0.0
26092438,calibration_mode_a,minus,0.0,2.2529178511335048e-05,2.2529178511335048e-05,0.0
26092438,calibration_mode_b,plus,0.0,2.883644771682693e-05,2.883644771682693e-05,0.0
26092438,calibration_mode_b,minus,0.0,1.564519046870555e-05,1.564519046870555e-05,0.0
26092438,heldout_harmonic_mode,plus,0.0,2.8152247477531094e-05,2.8152247477531094e-05,0.0
26092438,heldout_harmonic_mode,minus,0.0,2.8173571021880523e-05,2.8173571021880523e-05,0.0
26092438,heldout_two_lobe_mode,plus,0.0,2.1292810681832674e-05,2.1292810681832674e-05,0.0
26092438,heldout_two_lobe_mode,minus,0.0,2.1915013344830997e-05,2.1915013344830997e-05,0.0
26092438,heldout_diagonal_mode,plus,0.0,2.3266578578226247e-05,2.3266578578226247e-05,0.0
26092438,heldout_diagonal_mode,minus,0.0,2.328374679191911e-05,2.328374679191911e-05,0.0
26092439,calibration_mode_a,plus,0.0,2.2156900970697475e-05,2.2156900970697475e-05,0.0
26092439,calibration_mode_a,minus,0.0,2.252917851137474e-05,2.252917851137474e-05,0.0
26092439,calibration_mode_b,plus,0.0,2.883644771684574e-05,2.883644771684574e-05,0.0
26092439,calibration_mode_b,minus,0.0,1.564519046871481e-05,1.564519046871481e-05,0.0
26092439,heldout_harmonic_mode,plus,0.0,2.8152247477565947e-05,2.8152247477565947e-05,0.0
26092439,heldout_harmonic_mode,minus,0.0,2.817357102189707e-05,2.817357102189707e-05,0.0
26092439,heldout_two_lobe_mode,plus,0.0,2.1292810681858285e-05,2.1292810681858285e-05,0.0
26092439,heldout_two_lobe_mode,minus,0.0,2.1915013344866064e-05,2.1915013344866064e-05,0.0
26092439,heldout_diagonal_mode,plus,0.0,2.326657857823571e-05,2.326657857823571e-05,0.0
26092439,heldout_diagonal_mode,minus,0.0,2.3283746791932002e-05,2.3283746791932002e-05,0.0
26092440,calibration_mode_a,plus,0.0,2.2156900970678122e-05,2.2156900970678122e-05,0.0
26092440,calibration_mode_a,minus,0.0,2.2529178511347154e-05,2.2529178511347154e-05,0.0
26092440,calibration_mode_b,plus,0.0,2.8836447716809793e-05,2.8836447716809793e-05,0.0
26092440,calibration_mode_b,minus,0.0,1.564519046870978e-05,1.564519046870978e-05,0.0
26092440,heldout_harmonic_mode,plus,0.0,2.8152247477540472e-05,2.8152247477540472e-05,0.0
26092440,heldout_harmonic_mode,minus,0.0,2.817357102187012e-05,2.817357102187012e-05,0.0
26092440,heldout_two_lobe_mode,plus,0.0,2.1292810681831105e-05,2.1292810681831105e-05,0.0
26092440,heldout_two_lobe_mode,minus,0.0,2.1915013344828463e-05,2.1915013344828463e-05,0.0
26092440,heldout_diagonal_mode,plus,0.0,2.3266578578237302e-05,2.3266578578237302e-05,0.0
26092440,heldout_diagonal_mode,minus,0.0,2.3283746791911646e-05,2.3283746791911646e-05,0.0
26092441,calibration_mode_a,plus,0.0,2.2156900970675344e-05,2.2156900970675344e-05,0.0
26092441,calibration_mode_a,minus,0.0,2.2529178511333984e-05,2.2529178511333984e-05,0.0
26092441,calibration_mode_b,plus,0.0,2.883644771681253e-05,2.883644771681253e-05,0.0
26092441,calibration_mode_b,minus,0.0,1.5645190468690607e-05,1.5645190468690607e-05,0.0
26092441,heldout_harmonic_mode,plus,0.0,2.815224747754104e-05,2.815224747754104e-05,0.0
26092441,heldout_harmonic_mode,minus,0.0,2.817357102186262e-05,2.817357102186262e-05,0.0
26092441,heldout_two_lobe_mode,plus,0.0,2.129281068183035e-05,2.129281068183035e-05,0.0
26092441,heldout_two_lobe_mode,minus,0.0,2.1915013344845597e-05,2.1915013344845597e-05,0.0
26092441,heldout_diagonal_mode,plus,0.0,2.3266578578218234e-05,2.3266578578218234e-05,0.0
26092441,heldout_diagonal_mode,minus,0.0,2.3283746791903857e-05,2.3283746791903857e-05,0.0
26092442,calibration_mode_a,plus,0.0,2.21569009706867e-05,2.21569009706867e-05,0.0
26092442,calibration_mode_a,minus,0.0,2.2529178511358728e-05,2.2529178511358728e-05,0.0
26092442,calibration_mode_b,plus,0.0,2.8836447716822427e-05,2.8836447716822427e-05,0.0
26092442,calibration_mode_b,minus,0.0,1.5645190468717513e-05,1.5645190468717513e-05,0.0
26092442,heldout_harmonic_mode,plus,0.0,2.81522474775427e-05,2.81522474775427e-05,0.0
26092442,heldout_harmonic_mode,minus,0.0,2.8173571021874282e-05,2.8173571021874282e-05,0.0
26092442,heldout_two_lobe_mode,plus,0.0,2.129281068184355e-05,2.129281068184355e-05,0.0
26092442,heldout_two_lobe_mode,minus,0.0,2.1915013344843666e-05,2.1915013344843666e-05,0.0
26092442,heldout_diagonal_mode,plus,0.0,2.3266578578238166e-05,2.3266578578238166e-05,0.0
26092442,heldout_diagonal_mode,minus,0.0,2.3283746791912086e-05,2.3283746791912086e-05,0.0
26092443,calibration_mode_a,plus,0.0,2.215690097067957e-05,2.215690097067957e-05,0.0
26092443,calibration_mode_a,minus,0.0,2.252917851136841e-05,2.252917851136841e-05,0.0
26092443,calibration_mode_b,plus,0.0,2.8836447716854875e-05,2.8836447716854875e-05,0.0
26092443,calibration_mode_b,minus,0.0,1.5645190468713603e-05,1.5645190468713603e-05,0.0
26092443,heldout_harmonic_mode,plus,0.0,2.8152247477554733e-05,2.8152247477554733e-05,0.0
26092443,heldout_harmonic_mode,minus,0.0,2.8173571021900912e-05,2.8173571021900912e-05,0.0
26092443,heldout_two_lobe_mode,plus,0.0,2.1292810681856337e-05,2.1292810681856337e-05,0.0
26092443,heldout_two_lobe_mode,minus,0.0,2.1915013344864553e-05,2.1915013344864553e-05,0.0
26092443,heldout_diagonal_mode,plus,0.0,2.3266578578245122e-05,2.3266578578245122e-05,0.0
26092443,heldout_diagonal_mode,minus,0.0,2.3283746791940594e-05,2.3283746791940594e-05,0.0
26092444,calibration_mode_a,plus,0.0,2.215690097068973e-05,2.215690097068973e-05,0.0
26092444,calibration_mode_a,minus,0.0,2.252917851136729e-05,2.252917851136729e-05,0.0
26092444,calibration_mode_b,plus,0.0,2.8836447716839432e-05,2.8836447716839432e-05,0.0
26092444,calibration_mode_b,minus,0.0,1.564519046872894e-05,1.564519046872894e-05,0.0
26092444,heldout_harmonic_mode,plus,0.0,2.8152247477535542e-05,2.8152247477535542e-05,0.0
26092444,heldout_harmonic_mode,minus,0.0,2.8173571021869108e-05,2.8173571021869108e-05,0.0
26092444,heldout_two_lobe_mode,plus,0.0,2.1292810681849008e-05,2.1292810681849008e-05,0.0
26092444,heldout_two_lobe_mode,minus,0.0,2.191501334484029e-05,2.191501334484029e-05,0.0
26092444,heldout_diagonal_mode,plus,0.0,2.326657857824607e-05,2.326657857824607e-05,0.0
26092444,heldout_diagonal_mode,minus,0.0,2.32837467919388e-05,2.32837467919388e-05,0.0
26092445,calibration_mode_a,plus,0.0,2.2156900970680152e-05,2.2156900970680152e-05,0.0
26092445,calibration_mode_a,minus,0.0,2.2529178511357372e-05,2.2529178511357372e-05,0.0
26092445,calibration_mode_b,plus,0.0,2.8836447716828922e-05,2.8836447716828922e-05,0.0
26092445,calibration_mode_b,minus,0.0,1.564519046872441e-05,1.564519046872441e-05,0.0
26092445,heldout_harmonic_mode,plus,0.0,2.815224747755005e-05,2.815224747755005e-05,0.0
26092445,heldout_harmonic_mode,minus,0.0,2.8173571021880692e-05,2.8173571021880692e-05,0.0
26092445,heldout_two_lobe_mode,plus,0.0,2.1292810681840433e-05,2.1292810681840433e-05,0.0
26092445,heldout_two_lobe_mode,minus,0.0,2.1915013344832942e-05,2.1915013344832942e-05,0.0
26092445,heldout_diagonal_mode,plus,0.0,2.326657857825072e-05,2.326657857825072e-05,0.0
26092445,heldout_diagonal_mode,minus,0.0,2.328374679194719e-05,2.328374679194719e-05,0.0
26092446,calibration_mode_a,plus,0.0,2.215690097069373e-05,2.215690097069373e-05,0.0
26092446,calibration_mode_a,minus,0.0,2.2529178511343386e-05,2.2529178511343386e-05,0.0
26092446,calibration_mode_b,plus,0.0,2.8836447716815085e-05,2.8836447716815085e-05,0.0
26092446,calibration_mode_b,minus,0.0,1.5645190468725712e-05,1.5645190468725712e-05,0.0
26092446,heldout_harmonic_mode,plus,0.0,2.815224747755103e-05,2.815224747755103e-05,0.0
26092446,heldout_harmonic_mode,minus,0.0,2.8173571021873018e-05,2.8173571021873018e-05,0.0
26092446,heldout_two_lobe_mode,plus,0.0,2.1292810681846318e-05,2.1292810681846318e-05,0.0
26092446,heldout_two_lobe_mode,minus,0.0,2.19150133448331e-05,2.19150133448331e-05,0.0
26092446,heldout_diagonal_mode,plus,0.0,2.32665785782293e-05,2.32665785782293e-05,0.0
26092446,heldout_diagonal_mode,minus,0.0,2.3283746791929552e-05,2.3283746791929552e-05,0.0
26092447,calibration_mode_a,plus,0.0,2.2156900970682967e-05,2.2156900970682967e-05,0.0
26092447,calibration_mode_a,minus,0.0,2.252917851135338e-05,2.252917851135338e-05,0.0
26092447,calibration_mode_b,plus,0.0,2.8836447716826313e-05,2.8836447716826313e-05,0.0
26092447,calibration_mode_b,minus,0.0,1.5645190468724e-05,1.5645190468724e-05,0.0
26092447,heldout_harmonic_mode,plus,0.0,2.8152247477524012e-05,2.8152247477524012e-05,0.0
26092447,heldout_harmonic_mode,minus,0.0,2.817357102190434e-05,2.817357102190434e-05,0.0
26092447,heldout_two_lobe_mode,plus,0.0,2.1292810681840402e-05,2.1292810681840402e-05,0.0
26092447,heldout_two_lobe_mode,minus,0.0,2.1915013344840762e-05,2.1915013344840762e-05,0.0
26092447,heldout_diagonal_mode,plus,0.0,2.326657857822498e-05,2.326657857822498e-05,0.0
26092447,heldout_diagonal_mode,minus,0.0,2.3283746791928254e-05,2.3283746791928254e-05,0.0
