model,seed,family,direction,relaxation_rate,equilibrium_gain,normalized_trajectory_l2_error
maxwell,26092400,calibration_mode_a,plus,0.05,0.0,2.2156900970695693e-05
maxwell,26092400,calibration_mode_a,plus,0.05,0.01,2.2712853398228175e-05
maxwell,26092400,calibration_mode_a,plus,0.05,0.05,2.5161804399367254e-05
maxwell,26092400,calibration_mode_a,plus,0.1,0.0,2.2156900970695693e-05
maxwell,26092400,calibration_mode_a,plus,0.1,0.01,2.321514131092061e-05
maxwell,26092400,calibration_mode_a,plus,0.1,0.05,2.8155422208510514e-05
maxwell,26092400,calibration_mode_a,plus,0.2,0.0,2.2156900970695693e-05
maxwell,26092400,calibration_mode_a,plus,0.2,0.01,2.406778311309986e-05
maxwell,26092400,calibration_mode_a,plus,0.2,0.05,3.3561993094718994e-05
maxwell,26092400,calibration_mode_a,plus,0.4,0.0,2.2156900970695693e-05
maxwell,26092400,calibration_mode_a,plus,0.4,0.01,2.526805965747447e-05
maxwell,26092400,calibration_mode_a,plus,0.4,0.05,4.147056439318835e-05
maxwell,26092400,calibration_mode_a,minus,0.05,0.0,2.2529178511361262e-05
maxwell,26092400,calibration_mode_a,minus,0.05,0.01,2.3086992670972025e-05
maxwell,26092400,calibration_mode_a,minus,0.05,0.05,2.554052745434479e-05
maxwell,26092400,calibration_mode_a,minus,0.1,0.0,2.2529178511361262e-05
maxwell,26092400,calibration_mode_a,minus,0.1,0.01,2.359058407372285e-05
maxwell,26092400,calibration_mode_a,minus,0.1,0.05,2.853537957594166e-05
maxwell,26092400,calibration_mode_a,minus,0.2,0.0,2.2529178511361262e-05
maxwell,26092400,calibration_mode_a,minus,0.2,0.01,2.444469941251889e-05
maxwell,26092400,calibration_mode_a,minus,0.2,0.05,3.393964612019548e-05
maxwell,26092400,calibration_mode_a,minus,0.4,0.0,2.2529178511361262e-05
maxwell,26092400,calibration_mode_a,minus,0.4,0.01,2.564544217448151e-05
maxwell,26092400,calibration_mode_a,minus,0.4,0.05,4.1840832272719295e-05
maxwell,26092400,calibration_mode_b,plus,0.05,0.0,2.883644771683637e-05
maxwell,26092400,calibration_mode_b,plus,0.05,0.01,2.9556647995372776e-05
maxwell,26092400,calibration_mode_b,plus,0.05,0.05,3.259273878625894e-05
maxwell,26092400,calibration_mode_b,plus,0.1,0.0,2.883644771683637e-05
maxwell,26092400,calibration_mode_b,plus,0.1,0.01,3.0195070644559482e-05
maxwell,26092400,calibration_mode_b,plus,0.1,0.05,3.6117509080014126e-05
maxwell,26092400,calibration_mode_b,plus,0.2,0.0,2.883644771683637e-05
maxwell,26092400,calibration_mode_b,plus,0.2,0.01,3.125520904966911e-05
maxwell,26092400,calibration_mode_b,plus,0.2,0.05,4.2212388734610245e-05
maxwell,26092400,calibration_mode_b,plus,0.4,0.0,2.883644771683637e-05
maxwell,26092400,calibration_mode_b,plus,0.4,0.01,3.2699557210452935e-05
maxwell,26092400,calibration_mode_b,plus,0.4,0.05,5.078001764324506e-05
maxwell,26092400,calibration_mode_b,minus,0.05,0.0,1.5645190468711465e-05
maxwell,26092400,calibration_mode_b,minus,0.05,0.01,1.5967654438435062e-05
maxwell,26092400,calibration_mode_b,minus,0.05,0.05,1.760287497930343e-05
maxwell,26092400,calibration_mode_b,minus,0.1,0.0,1.5645190468711465e-05
maxwell,26092400,calibration_mode_b,minus,0.1,0.01,1.6277116141230148e-05
maxwell,26092400,calibration_mode_b,minus,0.1,0.05,1.990155461585185e-05
maxwell,26092400,calibration_mode_b,minus,0.2,0.0,1.5645190468711465e-05
maxwell,26092400,calibration_mode_b,minus,0.2,0.01,1.683700523132175e-05
maxwell,26092400,calibration_mode_b,minus,0.2,0.05,2.4496908257029435e-05
maxwell,26092400,calibration_mode_b,minus,0.4,0.0,1.5645190468711465e-05
maxwell,26092400,calibration_mode_b,minus,0.4,0.01,1.7693040114890537e-05
maxwell,26092400,calibration_mode_b,minus,0.4,0.05,3.174850511638498e-05
maxwell,26092401,calibration_mode_a,plus,0.05,0.0,2.2156900970689628e-05
maxwell,26092401,calibration_mode_a,plus,0.05,0.01,2.2712853398196513e-05
maxwell,26092401,calibration_mode_a,plus,0.05,0.05,2.5161804399367396e-05
maxwell,26092401,calibration_mode_a,plus,0.1,0.0,2.2156900970689628e-05
maxwell,26092401,calibration_mode_a,plus,0.1,0.01,2.321514131091203e-05
maxwell,26092401,calibration_mode_a,plus,0.1,0.05,2.815542220849304e-05
maxwell,26092401,calibration_mode_a,plus,0.2,0.0,2.2156900970689628e-05
maxwell,26092401,calibration_mode_a,plus,0.2,0.01,2.4067783113076998e-05
maxwell,26092401,calibration_mode_a,plus,0.2,0.05,3.356199309471686e-05
maxwell,26092401,calibration_mode_a,plus,0.4,0.0,2.2156900970689628e-05
maxwell,26092401,calibration_mode_a,plus,0.4,0.01,2.52680596574883e-05
maxwell,26092401,calibration_mode_a,plus,0.4,0.05,4.147056439318155e-05
maxwell,26092401,calibration_mode_a,minus,0.05,0.0,2.25291785113638e-05
maxwell,26092401,calibration_mode_a,minus,0.05,0.01,2.308699267095528e-05
maxwell,26092401,calibration_mode_a,minus,0.05,0.05,2.5540527454346963e-05
maxwell,26092401,calibration_mode_a,minus,0.1,0.0,2.25291785113638e-05
maxwell,26092401,calibration_mode_a,minus,0.1,0.01,2.3590584073689712e-05
maxwell,26092401,calibration_mode_a,minus,0.1,0.05,2.853537957590907e-05
maxwell,26092401,calibration_mode_a,minus,0.2,0.0,2.25291785113638e-05
maxwell,26092401,calibration_mode_a,minus,0.2,0.01,2.4444699412488583e-05
maxwell,26092401,calibration_mode_a,minus,0.2,0.05,3.393964612017221e-05
maxwell,26092401,calibration_mode_a,minus,0.4,0.0,2.25291785113638e-05
maxwell,26092401,calibration_mode_a,minus,0.4,0.01,2.5645442174463327e-05
maxwell,26092401,calibration_mode_a,minus,0.4,0.05,4.1840832272697556e-05
maxwell,26092401,calibration_mode_b,plus,0.05,0.0,2.88364477168388e-05
maxwell,26092401,calibration_mode_b,plus,0.05,0.01,2.9556647995357025e-05
maxwell,26092401,calibration_mode_b,plus,0.05,0.05,3.259273878626298e-05
maxwell,26092401,calibration_mode_b,plus,0.1,0.0,2.88364477168388e-05
maxwell,26092401,calibration_mode_b,plus,0.1,0.01,3.0195070644547908e-05
maxwell,26092401,calibration_mode_b,plus,0.1,0.05,3.611750908002045e-05
maxwell,26092401,calibration_mode_b,plus,0.2,0.0,2.88364477168388e-05
maxwell,26092401,calibration_mode_b,plus,0.2,0.01,3.1255209049669975e-05
maxwell,26092401,calibration_mode_b,plus,0.2,0.05,4.221238873461154e-05
maxwell,26092401,calibration_mode_b,plus,0.4,0.0,2.88364477168388e-05
maxwell,26092401,calibration_mode_b,plus,0.4,0.01,3.269955721043623e-05
maxwell,26092401,calibration_mode_b,plus,0.4,0.05,5.078001764323285e-05
maxwell,26092401,calibration_mode_b,minus,0.05,0.0,1.5645190468719586e-05
maxwell,26092401,calibration_mode_b,minus,0.05,0.01,1.596765443841991e-05
maxwell,26092401,calibration_mode_b,minus,0.05,0.05,1.7602874979304622e-05
maxwell,26092401,calibration_mode_b,minus,0.1,0.0,1.5645190468719586e-05
maxwell,26092401,calibration_mode_b,minus,0.1,0.01,1.627711614124141e-05
maxwell,26092401,calibration_mode_b,minus,0.1,0.05,1.9901554615842863e-05
maxwell,26092401,calibration_mode_b,minus,0.2,0.0,1.5645190468719586e-05
maxwell,26092401,calibration_mode_b,minus,0.2,0.01,1.683700523132538e-05
maxwell,26092401,calibration_mode_b,minus,0.2,0.05,2.4496908257011403e-05
maxwell,26092401,calibration_mode_b,minus,0.4,0.0,1.5645190468719586e-05
maxwell,26092401,calibration_mode_b,minus,0.4,0.01,1.76930401148788e-05
maxwell,26092401,calibration_mode_b,minus,0.4,0.05,3.1748505116355726e-05
maxwell,26092402,calibration_mode_a,plus,0.05,0.0,2.2156900970706203e-05
maxwell,26092402,calibration_mode_a,plus,0.05,0.01,2.2712853398201006e-05
maxwell,26092402,calibration_mode_a,plus,0.05,0.05,2.5161804399355046e-05
maxwell,26092402,calibration_mode_a,plus,0.1,0.0,2.2156900970706203e-05
maxwell,26092402,calibration_mode_a,plus,0.1,0.01,2.321514131091262e-05
maxwell,26092402,calibration_mode_a,plus,0.1,0.05,2.8155422208489474e-05
maxwell,26092402,calibration_mode_a,plus,0.2,0.0,2.2156900970706203e-05
maxwell,26092402,calibration_mode_a,plus,0.2,0.01,2.4067783113076842e-05
maxwell,26092402,calibration_mode_a,plus,0.2,0.05,3.3561993094710083e-05
maxwell,26092402,calibration_mode_a,plus,0.4,0.0,2.2156900970706203e-05
maxwell,26092402,calibration_mode_a,plus,0.4,0.01,2.5268059657474777e-05
maxwell,26092402,calibration_mode_a,plus,0.4,0.05,4.1470564393189486e-05
maxwell,26092402,calibration_mode_a,minus,0.05,0.0,2.252917851135544e-05
maxwell,26092402,calibration_mode_a,minus,0.05,0.01,2.3086992670941705e-05
maxwell,26092402,calibration_mode_a,minus,0.05,0.05,2.5540527454326217e-05
maxwell,26092402,calibration_mode_a,minus,0.1,0.0,2.252917851135544e-05
maxwell,26092402,calibration_mode_a,minus,0.1,0.01,2.3590584073679842e-05
maxwell,26092402,calibration_mode_a,minus,0.1,0.05,2.8535379575899446e-05
maxwell,26092402,calibration_mode_a,minus,0.2,0.0,2.252917851135544e-05
maxwell,26092402,calibration_mode_a,minus,0.2,0.01,2.4444699412488275e-05
maxwell,26092402,calibration_mode_a,minus,0.2,0.05,3.393964612015178e-05
maxwell,26092402,calibration_mode_a,minus,0.4,0.0,2.252917851135544e-05
maxwell,26092402,calibration_mode_a,minus,0.4,0.01,2.564544217446233e-05
maxwell,26092402,calibration_mode_a,minus,0.4,0.05,4.184083227268292e-05
maxwell,26092402,calibration_mode_b,plus,0.05,0.0,2.883644771683884e-05
maxwell,26092402,calibration_mode_b,plus,0.05,0.01,2.9556647995357936e-05
maxwell,26092402,calibration_mode_b,plus,0.05,0.05,3.259273878624361e-05
maxwell,26092402,calibration_mode_b,plus,0.1,0.0,2.883644771683884e-05
maxwell,26092402,calibration_mode_b,plus,0.1,0.01,3.019507064455646e-05
maxwell,26092402,calibration_mode_b,plus,0.1,0.05,3.611750908000574e-05
maxwell,26092402,calibration_mode_b,plus,0.2,0.0,2.883644771683884e-05
maxwell,26092402,calibration_mode_b,plus,0.2,0.01,3.125520904964713e-05
maxwell,26092402,calibration_mode_b,plus,0.2,0.05,4.22123887345966e-05
maxwell,26092402,calibration_mode_b,plus,0.4,0.0,2.883644771683884e-05
maxwell,26092402,calibration_mode_b,plus,0.4,0.01,3.2699557210443395e-05
maxwell,26092402,calibration_mode_b,plus,0.4,0.05,5.078001764321494e-05
maxwell,26092402,calibration_mode_b,minus,0.05,0.0,1.5645190468737167e-05
maxwell,26092402,calibration_mode_b,minus,0.05,0.01,1.5967654438439365e-05
maxwell,26092402,calibration_mode_b,minus,0.05,0.05,1.760287497930231e-05
maxwell,26092402,calibration_mode_b,minus,0.1,0.0,1.5645190468737167e-05
maxwell,26092402,calibration_mode_b,minus,0.1,0.01,1.6277116141247837e-05
maxwell,26092402,calibration_mode_b,minus,0.1,0.05,1.9901554615859462e-05
maxwell,26092402,calibration_mode_b,minus,0.2,0.0,1.5645190468737167e-05
maxwell,26092402,calibration_mode_b,minus,0.2,0.01,1.6837005231318405e-05
maxwell,26092402,calibration_mode_b,minus,0.2,0.05,2.4496908257042324e-05
maxwell,26092402,calibration_mode_b,minus,0.4,0.0,1.5645190468737167e-05
maxwell,26092402,calibration_mode_b,minus,0.4,0.01,1.7693040114882226e-05
maxwell,26092402,calibration_mode_b,minus,0.4,0.05,3.17485051163851e-05
maxwell,26092403,calibration_mode_a,plus,0.05,0.0,2.2156900970689337e-05
maxwell,26092403,calibration_mode_a,plus,0.05,0.01,2.2712853398197163e-05
maxwell,26092403,calibration_mode_a,plus,0.05,0.05,2.516180439936036e-05
maxwell,26092403,calibration_mode_a,plus,0.1,0.0,2.2156900970689337e-05
maxwell,26092403,calibration_mode_a,plus,0.1,0.01,2.321514131090813e-05
maxwell,26092403,calibration_mode_a,plus,0.1,0.05,2.8155422208503237e-05
maxwell,26092403,calibration_mode_a,plus,0.2,0.0,2.2156900970689337e-05
maxwell,26092403,calibration_mode_a,plus,0.2,0.01,2.406778311305512e-05
maxwell,26092403,calibration_mode_a,plus,0.2,0.05,3.356199309471337e-05
maxwell,26092403,calibration_mode_a,plus,0.4,0.0,2.2156900970689337e-05
maxwell,26092403,calibration_mode_a,plus,0.4,0.01,2.5268059657462878e-05
maxwell,26092403,calibration_mode_a,plus,0.4,0.05,4.147056439317934e-05
maxwell,26092403,calibration_mode_a,minus,0.05,0.0,2.252917851135913e-05
maxwell,26092403,calibration_mode_a,minus,0.05,0.01,2.308699267095459e-05
maxwell,26092403,calibration_mode_a,minus,0.05,0.05,2.5540527454353793e-05
maxwell,26092403,calibration_mode_a,minus,0.1,0.0,2.252917851135913e-05
maxwell,26092403,calibration_mode_a,minus,0.1,0.01,2.359058407371292e-05
maxwell,26092403,calibration_mode_a,minus,0.1,0.05,2.8535379575908055e-05
maxwell,26092403,calibration_mode_a,minus,0.2,0.0,2.252917851135913e-05
maxwell,26092403,calibration_mode_a,minus,0.2,0.01,2.4444699412499256e-05
maxwell,26092403,calibration_mode_a,minus,0.2,0.05,3.3939646120165476e-05
maxwell,26092403,calibration_mode_a,minus,0.4,0.0,2.252917851135913e-05
maxwell,26092403,calibration_mode_a,minus,0.4,0.01,2.5645442174468877e-05
maxwell,26092403,calibration_mode_a,minus,0.4,0.05,4.184083227270076e-05
maxwell,26092403,calibration_mode_b,plus,0.05,0.0,2.8836447716830745e-05
maxwell,26092403,calibration_mode_b,plus,0.05,0.01,2.9556647995357662e-05
maxwell,26092403,calibration_mode_b,plus,0.05,0.05,3.2592738786252114e-05
maxwell,26092403,calibration_mode_b,plus,0.1,0.0,2.8836447716830745e-05
maxwell,26092403,calibration_mode_b,plus,0.1,0.01,3.019507064453697e-05
maxwell,26092403,calibration_mode_b,plus,0.1,0.05,3.611750908001713e-05
maxwell,26092403,calibration_mode_b,plus,0.2,0.0,2.8836447716830745e-05
maxwell,26092403,calibration_mode_b,plus,0.2,0.01,3.125520904965527e-05
maxwell,26092403,calibration_mode_b,plus,0.2,0.05,4.22123887346039e-05
maxwell,26092403,calibration_mode_b,plus,0.4,0.0,2.8836447716830745e-05
maxwell,26092403,calibration_mode_b,plus,0.4,0.01,3.2699557210435554e-05
maxwell,26092403,calibration_mode_b,plus,0.4,0.05,5.078001764322799e-05
maxwell,26092403,calibration_mode_b,minus,0.05,0.0,1.564519046873116e-05
maxwell,26092403,calibration_mode_b,minus,0.05,0.01,1.5967654438431735e-05
maxwell,26092403,calibration_mode_b,minus,0.05,0.05,1.7602874979324192e-05
maxwell,26092403,calibration_mode_b,minus,0.1,0.0,1.564519046873116e-05
maxwell,26092403,calibration_mode_b,minus,0.1,0.01,1.6277116141241806e-05
maxwell,26092403,calibration_mode_b,minus,0.1,0.05,1.9901554615874783e-05
maxwell,26092403,calibration_mode_b,minus,0.2,0.0,1.564519046873116e-05
maxwell,26092403,calibration_mode_b,minus,0.2,0.01,1.683700523133262e-05
maxwell,26092403,calibration_mode_b,minus,0.2,0.05,2.4496908257019643e-05
maxwell,26092403,calibration_mode_b,minus,0.4,0.0,1.564519046873116e-05
maxwell,26092403,calibration_mode_b,minus,0.4,0.01,1.7693040114893986e-05
maxwell,26092403,calibration_mode_b,minus,0.4,0.05,3.174850511636572e-05
maxwell,26092404,calibration_mode_a,plus,0.05,0.0,2.2156900970685258e-05
maxwell,26092404,calibration_mode_a,plus,0.05,0.01,2.271285339820995e-05
maxwell,26092404,calibration_mode_a,plus,0.05,0.05,2.516180439937198e-05
maxwell,26092404,calibration_mode_a,plus,0.1,0.0,2.2156900970685258e-05
maxwell,26092404,calibration_mode_a,plus,0.1,0.01,2.3215141310911872e-05
maxwell,26092404,calibration_mode_a,plus,0.1,0.05,2.8155422208496182e-05
maxwell,26092404,calibration_mode_a,plus,0.2,0.0,2.2156900970685258e-05
maxwell,26092404,calibration_mode_a,plus,0.2,0.01,2.4067783113086817e-05
maxwell,26092404,calibration_mode_a,plus,0.2,0.05,3.3561993094707515e-05
maxwell,26092404,calibration_mode_a,plus,0.4,0.0,2.2156900970685258e-05
maxwell,26092404,calibration_mode_a,plus,0.4,0.01,2.5268059657470363e-05
maxwell,26092404,calibration_mode_a,plus,0.4,0.05,4.147056439318608e-05
maxwell,26092404,calibration_mode_a,minus,0.05,0.0,2.2529178511342553e-05
maxwell,26092404,calibration_mode_a,minus,0.05,0.01,2.3086992670943514e-05
maxwell,26092404,calibration_mode_a,minus,0.05,0.05,2.5540527454330934e-05
maxwell,26092404,calibration_mode_a,minus,0.1,0.0,2.2529178511342553e-05
maxwell,26092404,calibration_mode_a,minus,0.1,0.01,2.3590584073700242e-05
maxwell,26092404,calibration_mode_a,minus,0.1,0.05,2.853537957589969e-05
maxwell,26092404,calibration_mode_a,minus,0.2,0.0,2.2529178511342553e-05
maxwell,26092404,calibration_mode_a,minus,0.2,0.01,2.4444699412481464e-05
maxwell,26092404,calibration_mode_a,minus,0.2,0.05,3.393964612015188e-05
maxwell,26092404,calibration_mode_a,minus,0.4,0.0,2.2529178511342553e-05
maxwell,26092404,calibration_mode_a,minus,0.4,0.01,2.5645442174462344e-05
maxwell,26092404,calibration_mode_a,minus,0.4,0.05,4.1840832272687026e-05
maxwell,26092404,calibration_mode_b,plus,0.05,0.0,2.8836447716840005e-05
maxwell,26092404,calibration_mode_b,plus,0.05,0.01,2.9556647995375904e-05
maxwell,26092404,calibration_mode_b,plus,0.05,0.05,3.2592738786262265e-05
maxwell,26092404,calibration_mode_b,plus,0.1,0.0,2.8836447716840005e-05
maxwell,26092404,calibration_mode_b,plus,0.1,0.01,3.019507064455225e-05
maxwell,26092404,calibration_mode_b,plus,0.1,0.05,3.611750908001611e-05
maxwell,26092404,calibration_mode_b,plus,0.2,0.0,2.8836447716840005e-05
maxwell,26092404,calibration_mode_b,plus,0.2,0.01,3.1255209049655216e-05
maxwell,26092404,calibration_mode_b,plus,0.2,0.05,4.2212388734622734e-05
maxwell,26092404,calibration_mode_b,plus,0.4,0.0,2.8836447716840005e-05
maxwell,26092404,calibration_mode_b,plus,0.4,0.01,3.2699557210454914e-05
maxwell,26092404,calibration_mode_b,plus,0.4,0.05,5.078001764324037e-05
maxwell,26092404,calibration_mode_b,minus,0.05,0.0,1.564519046870807e-05
maxwell,26092404,calibration_mode_b,minus,0.05,0.01,1.5967654438417417e-05
maxwell,26092404,calibration_mode_b,minus,0.05,0.05,1.7602874979306526e-05
maxwell,26092404,calibration_mode_b,minus,0.1,0.0,1.564519046870807e-05
maxwell,26092404,calibration_mode_b,minus,0.1,0.01,1.6277116141232895e-05
maxwell,26092404,calibration_mode_b,minus,0.1,0.05,1.990155461585276e-05
maxwell,26092404,calibration_mode_b,minus,0.2,0.0,1.564519046870807e-05
maxwell,26092404,calibration_mode_b,minus,0.2,0.01,1.683700523131668e-05
maxwell,26092404,calibration_mode_b,minus,0.2,0.05,2.449690825702059e-05
maxwell,26092404,calibration_mode_b,minus,0.4,0.0,1.564519046870807e-05
maxwell,26092404,calibration_mode_b,minus,0.4,0.01,1.7693040114893434e-05
maxwell,26092404,calibration_mode_b,minus,0.4,0.05,3.1748505116362774e-05
maxwell,26092405,calibration_mode_a,plus,0.05,0.0,2.2156900970682534e-05
maxwell,26092405,calibration_mode_a,plus,0.05,0.01,2.2712853398197804e-05
maxwell,26092405,calibration_mode_a,plus,0.05,0.05,2.5161804399375514e-05
maxwell,26092405,calibration_mode_a,plus,0.1,0.0,2.2156900970682534e-05
maxwell,26092405,calibration_mode_a,plus,0.1,0.01,2.3215141310917578e-05
maxwell,26092405,calibration_mode_a,plus,0.1,0.05,2.8155422208508783e-05
maxwell,26092405,calibration_mode_a,plus,0.2,0.0,2.2156900970682534e-05
maxwell,26092405,calibration_mode_a,plus,0.2,0.01,2.4067783113076517e-05
maxwell,26092405,calibration_mode_a,plus,0.2,0.05,3.356199309471625e-05
maxwell,26092405,calibration_mode_a,plus,0.4,0.0,2.2156900970682534e-05
maxwell,26092405,calibration_mode_a,plus,0.4,0.01,2.526805965747494e-05
maxwell,26092405,calibration_mode_a,plus,0.4,0.05,4.147056439316791e-05
maxwell,26092405,calibration_mode_a,minus,0.05,0.0,2.25291785113445e-05
maxwell,26092405,calibration_mode_a,minus,0.05,0.01,2.308699267093616e-05
maxwell,26092405,calibration_mode_a,minus,0.05,0.05,2.554052745433348e-05
maxwell,26092405,calibration_mode_a,minus,0.1,0.0,2.25291785113445e-05
maxwell,26092405,calibration_mode_a,minus,0.1,0.01,2.3590584073711243e-05
maxwell,26092405,calibration_mode_a,minus,0.1,0.05,2.8535379575901262e-05
maxwell,26092405,calibration_mode_a,minus,0.2,0.0,2.25291785113445e-05
maxwell,26092405,calibration_mode_a,minus,0.2,0.01,2.444469941249219e-05
maxwell,26092405,calibration_mode_a,minus,0.2,0.05,3.3939646120152886e-05
maxwell,26092405,calibration_mode_a,minus,0.4,0.0,2.25291785113445e-05
maxwell,26092405,calibration_mode_a,minus,0.4,0.01,2.5645442174467925e-05
maxwell,26092405,calibration_mode_a,minus,0.4,0.05,4.184083227268462e-05
maxwell,26092405,calibration_mode_b,plus,0.05,0.0,2.8836447716827943e-05
maxwell,26092405,calibration_mode_b,plus,0.05,0.01,2.955664799537361e-05
maxwell,26092405,calibration_mode_b,plus,0.05,0.05,3.259273878625476e-05
maxwell,26092405,calibration_mode_b,plus,0.1,0.0,2.8836447716827943e-05
maxwell,26092405,calibration_mode_b,plus,0.1,0.01,3.019507064456417e-05
maxwell,26092405,calibration_mode_b,plus,0.1,0.05,3.611750908002064e-05
maxwell,26092405,calibration_mode_b,plus,0.2,0.0,2.8836447716827943e-05
maxwell,26092405,calibration_mode_b,plus,0.2,0.01,3.125520904966063e-05
maxwell,26092405,calibration_mode_b,plus,0.2,0.05,4.2212388734599735e-05
maxwell,26092405,calibration_mode_b,plus,0.4,0.0,2.8836447716827943e-05
maxwell,26092405,calibration_mode_b,plus,0.4,0.01,3.269955721044471e-05
maxwell,26092405,calibration_mode_b,plus,0.4,0.05,5.078001764323894e-05
maxwell,26092405,calibration_mode_b,minus,0.05,0.0,1.5645190468705983e-05
maxwell,26092405,calibration_mode_b,minus,0.05,0.01,1.5967654438422902e-05
maxwell,26092405,calibration_mode_b,minus,0.05,0.05,1.7602874979310443e-05
maxwell,26092405,calibration_mode_b,minus,0.1,0.0,1.5645190468705983e-05
maxwell,26092405,calibration_mode_b,minus,0.1,0.01,1.6277116141246675e-05
maxwell,26092405,calibration_mode_b,minus,0.1,0.05,1.9901554615849765e-05
maxwell,26092405,calibration_mode_b,minus,0.2,0.0,1.5645190468705983e-05
maxwell,26092405,calibration_mode_b,minus,0.2,0.01,1.683700523132838e-05
maxwell,26092405,calibration_mode_b,minus,0.2,0.05,2.4496908257019752e-05
maxwell,26092405,calibration_mode_b,minus,0.4,0.0,1.5645190468705983e-05
maxwell,26092405,calibration_mode_b,minus,0.4,0.01,1.7693040114881453e-05
maxwell,26092405,calibration_mode_b,minus,0.4,0.05,3.174850511636477e-05
maxwell,26092406,calibration_mode_a,plus,0.05,0.0,2.215690097067784e-05
maxwell,26092406,calibration_mode_a,plus,0.05,0.01,2.2712853398174402e-05
maxwell,26092406,calibration_mode_a,plus,0.05,0.05,2.5161804399343672e-05
maxwell,26092406,calibration_mode_a,plus,0.1,0.0,2.215690097067784e-05
maxwell,26092406,calibration_mode_a,plus,0.1,0.01,2.3215141310904452e-05
maxwell,26092406,calibration_mode_a,plus,0.1,0.05,2.815542220847606e-05
maxwell,26092406,calibration_mode_a,plus,0.2,0.0,2.215690097067784e-05
maxwell,26092406,calibration_mode_a,plus,0.2,0.01,2.406778311307034e-05
maxwell,26092406,calibration_mode_a,plus,0.2,0.05,3.356199309469459e-05
maxwell,26092406,calibration_mode_a,plus,0.4,0.0,2.215690097067784e-05
maxwell,26092406,calibration_mode_a,plus,0.4,0.01,2.5268059657453673e-05
maxwell,26092406,calibration_mode_a,plus,0.4,0.05,4.1470564393178204e-05
maxwell,26092406,calibration_mode_a,minus,0.05,0.0,2.2529178511350332e-05
maxwell,26092406,calibration_mode_a,minus,0.05,0.01,2.3086992670947072e-05
maxwell,26092406,calibration_mode_a,minus,0.05,0.05,2.5540527454339024e-05
maxwell,26092406,calibration_mode_a,minus,0.1,0.0,2.2529178511350332e-05
maxwell,26092406,calibration_mode_a,minus,0.1,0.01,2.35905840736969e-05
maxwell,26092406,calibration_mode_a,minus,0.1,0.05,2.8535379575899975e-05
maxwell,26092406,calibration_mode_a,minus,0.2,0.0,2.2529178511350332e-05
maxwell,26092406,calibration_mode_a,minus,0.2,0.01,2.4444699412483226e-05
maxwell,26092406,calibration_mode_a,minus,0.2,0.05,3.3939646120162407e-05
maxwell,26092406,calibration_mode_a,minus,0.4,0.0,2.2529178511350332e-05
maxwell,26092406,calibration_mode_a,minus,0.4,0.01,2.5645442174444906e-05
maxwell,26092406,calibration_mode_a,minus,0.4,0.05,4.1840832272683055e-05
maxwell,26092406,calibration_mode_b,plus,0.05,0.0,2.883644771681479e-05
maxwell,26092406,calibration_mode_b,plus,0.05,0.01,2.955664799535474e-05
maxwell,26092406,calibration_mode_b,plus,0.05,0.05,3.259273878623444e-05
maxwell,26092406,calibration_mode_b,plus,0.1,0.0,2.883644771681479e-05
maxwell,26092406,calibration_mode_b,plus,0.1,0.01,3.019507064454213e-05
maxwell,26092406,calibration_mode_b,plus,0.1,0.05,3.6117509079984887e-05
maxwell,26092406,calibration_mode_b,plus,0.2,0.0,2.883644771681479e-05
maxwell,26092406,calibration_mode_b,plus,0.2,0.01,3.125520904963999e-05
maxwell,26092406,calibration_mode_b,plus,0.2,0.05,4.2212388734591034e-05
maxwell,26092406,calibration_mode_b,plus,0.4,0.0,2.883644771681479e-05
maxwell,26092406,calibration_mode_b,plus,0.4,0.01,3.2699557210417834e-05
maxwell,26092406,calibration_mode_b,plus,0.4,0.05,5.078001764321491e-05
maxwell,26092406,calibration_mode_b,minus,0.05,0.0,1.564519046872476e-05
maxwell,26092406,calibration_mode_b,minus,0.05,0.01,1.596765443842826e-05
maxwell,26092406,calibration_mode_b,minus,0.05,0.05,1.760287497932247e-05
maxwell,26092406,calibration_mode_b,minus,0.1,0.0,1.564519046872476e-05
maxwell,26092406,calibration_mode_b,minus,0.1,0.01,1.627711614123519e-05
maxwell,26092406,calibration_mode_b,minus,0.1,0.05,1.9901554615858195e-05
maxwell,26092406,calibration_mode_b,minus,0.2,0.0,1.564519046872476e-05
maxwell,26092406,calibration_mode_b,minus,0.2,0.01,1.6837005231322643e-05
maxwell,26092406,calibration_mode_b,minus,0.2,0.05,2.449690825701745e-05
maxwell,26092406,calibration_mode_b,minus,0.4,0.0,1.564519046872476e-05
maxwell,26092406,calibration_mode_b,minus,0.4,0.01,1.76930401148972e-05
maxwell,26092406,calibration_mode_b,minus,0.4,0.05,3.1748505116369564e-05
maxwell,26092407,calibration_mode_a,plus,0.05,0.0,2.2156900970687846e-05
maxwell,26092407,calibration_mode_a,plus,0.05,0.01,2.271285339820372e-05
maxwell,26092407,calibration_mode_a,plus,0.05,0.05,2.516180439936549e-05
maxwell,26092407,calibration_mode_a,plus,0.1,0.0,2.2156900970687846e-05
maxwell,26092407,calibration_mode_a,plus,0.1,0.01,2.3215141310902104e-05
maxwell,26092407,calibration_mode_a,plus,0.1,0.05,2.8155422208499357e-05
maxwell,26092407,calibration_mode_a,plus,0.2,0.0,2.2156900970687846e-05
maxwell,26092407,calibration_mode_a,plus,0.2,0.01,2.406778311306929e-05
maxwell,26092407,calibration_mode_a,plus,0.2,0.05,3.356199309472368e-05
maxwell,26092407,calibration_mode_a,plus,0.4,0.0,2.2156900970687846e-05
maxwell,26092407,calibration_mode_a,plus,0.4,0.01,2.526805965747089e-05
maxwell,26092407,calibration_mode_a,plus,0.4,0.05,4.1470564393183625e-05
maxwell,26092407,calibration_mode_a,minus,0.05,0.0,2.2529178511346625e-05
maxwell,26092407,calibration_mode_a,minus,0.05,0.01,2.3086992670950944e-05
maxwell,26092407,calibration_mode_a,minus,0.05,0.05,2.5540527454321538e-05
maxwell,26092407,calibration_mode_a,minus,0.1,0.0,2.2529178511346625e-05
maxwell,26092407,calibration_mode_a,minus,0.1,0.01,2.3590584073695316e-05
maxwell,26092407,calibration_mode_a,minus,0.1,0.05,2.853537957590564e-05
maxwell,26092407,calibration_mode_a,minus,0.2,0.0,2.2529178511346625e-05
maxwell,26092407,calibration_mode_a,minus,0.2,0.01,2.4444699412489657e-05
maxwell,26092407,calibration_mode_a,minus,0.2,0.05,3.393964612017017e-05
maxwell,26092407,calibration_mode_a,minus,0.4,0.0,2.2529178511346625e-05
maxwell,26092407,calibration_mode_a,minus,0.4,0.01,2.564544217444867e-05
maxwell,26092407,calibration_mode_a,minus,0.4,0.05,4.184083227269754e-05
maxwell,26092407,calibration_mode_b,plus,0.05,0.0,2.8836447716832652e-05
maxwell,26092407,calibration_mode_b,plus,0.05,0.01,2.955664799535508e-05
maxwell,26092407,calibration_mode_b,plus,0.05,0.05,3.259273878625248e-05
maxwell,26092407,calibration_mode_b,plus,0.1,0.0,2.8836447716832652e-05
maxwell,26092407,calibration_mode_b,plus,0.1,0.01,3.019507064455059e-05
maxwell,26092407,calibration_mode_b,plus,0.1,0.05,3.611750907999712e-05
maxwell,26092407,calibration_mode_b,plus,0.2,0.0,2.8836447716832652e-05
maxwell,26092407,calibration_mode_b,plus,0.2,0.01,3.125520904965972e-05
maxwell,26092407,calibration_mode_b,plus,0.2,0.05,4.221238873460017e-05
maxwell,26092407,calibration_mode_b,plus,0.4,0.0,2.8836447716832652e-05
maxwell,26092407,calibration_mode_b,plus,0.4,0.01,3.2699557210444445e-05
maxwell,26092407,calibration_mode_b,plus,0.4,0.05,5.078001764321662e-05
maxwell,26092407,calibration_mode_b,minus,0.05,0.0,1.5645190468704848e-05
maxwell,26092407,calibration_mode_b,minus,0.05,0.01,1.5967654438417024e-05
maxwell,26092407,calibration_mode_b,minus,0.05,0.05,1.7602874979304924e-05
maxwell,26092407,calibration_mode_b,minus,0.1,0.0,1.5645190468704848e-05
maxwell,26092407,calibration_mode_b,minus,0.1,0.01,1.6277116141224713e-05
maxwell,26092407,calibration_mode_b,minus,0.1,0.05,1.9901554615852885e-05
maxwell,26092407,calibration_mode_b,minus,0.2,0.0,1.5645190468704848e-05
maxwell,26092407,calibration_mode_b,minus,0.2,0.01,1.6837005231304242e-05
maxwell,26092407,calibration_mode_b,minus,0.2,0.05,2.4496908257017326e-05
maxwell,26092407,calibration_mode_b,minus,0.4,0.0,1.5645190468704848e-05
maxwell,26092407,calibration_mode_b,minus,0.4,0.01,1.7693040114876246e-05
maxwell,26092407,calibration_mode_b,minus,0.4,0.05,3.174850511635808e-05
maxwell,26092408,calibration_mode_a,plus,0.05,0.0,2.2156900970696516e-05
maxwell,26092408,calibration_mode_a,plus,0.05,0.01,2.271285339822165e-05
maxwell,26092408,calibration_mode_a,plus,0.05,0.05,2.5161804399383622e-05
maxwell,26092408,calibration_mode_a,plus,0.1,0.0,2.2156900970696516e-05
maxwell,26092408,calibration_mode_a,plus,0.1,0.01,2.3215141310932764e-05
maxwell,26092408,calibration_mode_a,plus,0.1,0.05,2.8155422208521644e-05
maxwell,26092408,calibration_mode_a,plus,0.2,0.0,2.2156900970696516e-05
maxwell,26092408,calibration_mode_a,plus,0.2,0.01,2.4067783113088728e-05
maxwell,26092408,calibration_mode_a,plus,0.2,0.05,3.356199309472847e-05
maxwell,26092408,calibration_mode_a,plus,0.4,0.0,2.2156900970696516e-05
maxwell,26092408,calibration_mode_a,plus,0.4,0.01,2.526805965750601e-05
maxwell,26092408,calibration_mode_a,plus,0.4,0.05,4.1470564393226654e-05
maxwell,26092408,calibration_mode_a,minus,0.05,0.0,2.2529178511334204e-05
maxwell,26092408,calibration_mode_a,minus,0.05,0.01,2.3086992670949325e-05
maxwell,26092408,calibration_mode_a,minus,0.05,0.05,2.554052745432247e-05
maxwell,26092408,calibration_mode_a,minus,0.1,0.0,2.2529178511334204e-05
maxwell,26092408,calibration_mode_a,minus,0.1,0.01,2.359058407367955e-05
maxwell,26092408,calibration_mode_a,minus,0.1,0.05,2.853537957591727e-05
maxwell,26092408,calibration_mode_a,minus,0.2,0.0,2.2529178511334204e-05
maxwell,26092408,calibration_mode_a,minus,0.2,0.01,2.4444699412473577e-05
maxwell,26092408,calibration_mode_a,minus,0.2,0.05,3.393964612015808e-05
maxwell,26092408,calibration_mode_a,minus,0.4,0.0,2.2529178511334204e-05
maxwell,26092408,calibration_mode_a,minus,0.4,0.01,2.564544217445541e-05
maxwell,26092408,calibration_mode_a,minus,0.4,0.05,4.1840832272695375e-05
maxwell,26092408,calibration_mode_b,plus,0.05,0.0,2.8836447716815515e-05
maxwell,26092408,calibration_mode_b,plus,0.05,0.01,2.9556647995362012e-05
maxwell,26092408,calibration_mode_b,plus,0.05,0.05,3.25927387862433e-05
maxwell,26092408,calibration_mode_b,plus,0.1,0.0,2.8836447716815515e-05
maxwell,26092408,calibration_mode_b,plus,0.1,0.01,3.019507064455769e-05
maxwell,26092408,calibration_mode_b,plus,0.1,0.05,3.611750908000684e-05
maxwell,26092408,calibration_mode_b,plus,0.2,0.0,2.8836447716815515e-05
maxwell,26092408,calibration_mode_b,plus,0.2,0.01,3.125520904967793e-05
maxwell,26092408,calibration_mode_b,plus,0.2,0.05,4.221238873460171e-05
maxwell,26092408,calibration_mode_b,plus,0.4,0.0,2.8836447716815515e-05
maxwell,26092408,calibration_mode_b,plus,0.4,0.01,3.2699557210440325e-05
maxwell,26092408,calibration_mode_b,plus,0.4,0.05,5.078001764322064e-05
maxwell,26092408,calibration_mode_b,minus,0.05,0.0,1.5645190468706e-05
maxwell,26092408,calibration_mode_b,minus,0.05,0.01,1.5967654438442818e-05
maxwell,26092408,calibration_mode_b,minus,0.05,0.05,1.7602874979318734e-05
maxwell,26092408,calibration_mode_b,minus,0.1,0.0,1.5645190468706e-05
maxwell,26092408,calibration_mode_b,minus,0.1,0.01,1.6277116141227356e-05
maxwell,26092408,calibration_mode_b,minus,0.1,0.05,1.9901554615854878e-05
maxwell,26092408,calibration_mode_b,minus,0.2,0.0,1.5645190468706e-05
maxwell,26092408,calibration_mode_b,minus,0.2,0.01,1.683700523131708e-05
maxwell,26092408,calibration_mode_b,minus,0.2,0.05,2.449690825701417e-05
maxwell,26092408,calibration_mode_b,minus,0.4,0.0,1.5645190468706e-05
maxwell,26092408,calibration_mode_b,minus,0.4,0.01,1.7693040114887047e-05
maxwell,26092408,calibration_mode_b,minus,0.4,0.05,3.1748505116366955e-05
maxwell,26092409,calibration_mode_a,plus,0.05,0.0,2.215690097067242e-05
maxwell,26092409,calibration_mode_a,plus,0.05,0.01,2.2712853398191695e-05
maxwell,26092409,calibration_mode_a,plus,0.05,0.05,2.516180439934359e-05
maxwell,26092409,calibration_mode_a,plus,0.1,0.0,2.215690097067242e-05
maxwell,26092409,calibration_mode_a,plus,0.1,0.01,2.3215141310889894e-05
maxwell,26092409,calibration_mode_a,plus,0.1,0.05,2.8155422208483707e-05
maxwell,26092409,calibration_mode_a,plus,0.2,0.0,2.215690097067242e-05
maxwell,26092409,calibration_mode_a,plus,0.2,0.01,2.4067783113058597e-05
maxwell,26092409,calibration_mode_a,plus,0.2,0.05,3.356199309470542e-05
maxwell,26092409,calibration_mode_a,plus,0.4,0.0,2.215690097067242e-05
maxwell,26092409,calibration_mode_a,plus,0.4,0.01,2.5268059657458707e-05
maxwell,26092409,calibration_mode_a,plus,0.4,0.05,4.147056439315369e-05
maxwell,26092409,calibration_mode_a,minus,0.05,0.0,2.252917851135532e-05
maxwell,26092409,calibration_mode_a,minus,0.05,0.01,2.308699267093712e-05
maxwell,26092409,calibration_mode_a,minus,0.05,0.05,2.5540527454338445e-05
maxwell,26092409,calibration_mode_a,minus,0.1,0.0,2.252917851135532e-05
maxwell,26092409,calibration_mode_a,minus,0.1,0.01,2.359058407368946e-05
maxwell,26092409,calibration_mode_a,minus,0.1,0.05,2.8535379575905843e-05
maxwell,26092409,calibration_mode_a,minus,0.2,0.0,2.252917851135532e-05
maxwell,26092409,calibration_mode_a,minus,0.2,0.01,2.4444699412486797e-05
maxwell,26092409,calibration_mode_a,minus,0.2,0.05,3.393964612015821e-05
maxwell,26092409,calibration_mode_a,minus,0.4,0.0,2.252917851135532e-05
maxwell,26092409,calibration_mode_a,minus,0.4,0.01,2.5645442174441897e-05
maxwell,26092409,calibration_mode_a,minus,0.4,0.05,4.1840832272692156e-05
maxwell,26092409,calibration_mode_b,plus,0.05,0.0,2.8836447716835034e-05
maxwell,26092409,calibration_mode_b,plus,0.05,0.01,2.9556647995360454e-05
maxwell,26092409,calibration_mode_b,plus,0.05,0.05,3.25927387862314e-05
maxwell,26092409,calibration_mode_b,plus,0.1,0.0,2.8836447716835034e-05
maxwell,26092409,calibration_mode_b,plus,0.1,0.01,3.0195070644558503e-05
maxwell,26092409,calibration_mode_b,plus,0.1,0.05,3.611750908002541e-05
maxwell,26092409,calibration_mode_b,plus,0.2,0.0,2.8836447716835034e-05
maxwell,26092409,calibration_mode_b,plus,0.2,0.01,3.125520904966009e-05
maxwell,26092409,calibration_mode_b,plus,0.2,0.05,4.2212388734610624e-05
maxwell,26092409,calibration_mode_b,plus,0.4,0.0,2.8836447716835034e-05
maxwell,26092409,calibration_mode_b,plus,0.4,0.01,3.269955721044255e-05
maxwell,26092409,calibration_mode_b,plus,0.4,0.05,5.078001764323319e-05
maxwell,26092409,calibration_mode_b,minus,0.05,0.0,1.564519046871939e-05
maxwell,26092409,calibration_mode_b,minus,0.05,0.01,1.5967654438424677e-05
maxwell,26092409,calibration_mode_b,minus,0.05,0.05,1.7602874979321668e-05
maxwell,26092409,calibration_mode_b,minus,0.1,0.0,1.564519046871939e-05
maxwell,26092409,calibration_mode_b,minus,0.1,0.01,1.6277116141247688e-05
maxwell,26092409,calibration_mode_b,minus,0.1,0.05,1.9901554615848257e-05
maxwell,26092409,calibration_mode_b,minus,0.2,0.0,1.564519046871939e-05
maxwell,26092409,calibration_mode_b,minus,0.2,0.01,1.6837005231306546e-05
maxwell,26092409,calibration_mode_b,minus,0.2,0.05,2.449690825702897e-05
maxwell,26092409,calibration_mode_b,minus,0.4,0.0,1.564519046871939e-05
maxwell,26092409,calibration_mode_b,minus,0.4,0.01,1.769304011488383e-05
maxwell,26092409,calibration_mode_b,minus,0.4,0.05,3.174850511637345e-05
maxwell,26092410,calibration_mode_a,plus,0.05,0.0,2.215690097068612e-05
maxwell,26092410,calibration_mode_a,plus,0.05,0.01,2.2712853398200033e-05
maxwell,26092410,calibration_mode_a,plus,0.05,0.05,2.516180439934237e-05
maxwell,26092410,calibration_mode_a,plus,0.1,0.0,2.215690097068612e-05
maxwell,26092410,calibration_mode_a,plus,0.1,0.01,2.3215141310904954e-05
maxwell,26092410,calibration_mode_a,plus,0.1,0.05,2.8155422208499286e-05
maxwell,26092410,calibration_mode_a,plus,0.2,0.0,2.215690097068612e-05
maxwell,26092410,calibration_mode_a,plus,0.2,0.01,2.406778311309319e-05
maxwell,26092410,calibration_mode_a,plus,0.2,0.05,3.356199309470141e-05
maxwell,26092410,calibration_mode_a,plus,0.4,0.0,2.215690097068612e-05
maxwell,26092410,calibration_mode_a,plus,0.4,0.01,2.5268059657460293e-05
maxwell,26092410,calibration_mode_a,plus,0.4,0.05,4.147056439319817e-05
maxwell,26092410,calibration_mode_a,minus,0.05,0.0,2.2529178511363827e-05
maxwell,26092410,calibration_mode_a,minus,0.05,0.01,2.3086992670954482e-05
maxwell,26092410,calibration_mode_a,minus,0.05,0.05,2.5540527454350212e-05
maxwell,26092410,calibration_mode_a,minus,0.1,0.0,2.2529178511363827e-05
maxwell,26092410,calibration_mode_a,minus,0.1,0.01,2.3590584073699006e-05
maxwell,26092410,calibration_mode_a,minus,0.1,0.05,2.8535379575926195e-05
maxwell,26092410,calibration_mode_a,minus,0.2,0.0,2.2529178511363827e-05
maxwell,26092410,calibration_mode_a,minus,0.2,0.01,2.444469941251073e-05
maxwell,26092410,calibration_mode_a,minus,0.2,0.05,3.393964612016532e-05
maxwell,26092410,calibration_mode_a,minus,0.4,0.0,2.2529178511363827e-05
maxwell,26092410,calibration_mode_a,minus,0.4,0.01,2.5645442174463544e-05
maxwell,26092410,calibration_mode_a,minus,0.4,0.05,4.1840832272706433e-05
maxwell,26092410,calibration_mode_b,plus,0.05,0.0,2.8836447716838412e-05
maxwell,26092410,calibration_mode_b,plus,0.05,0.01,2.955664799536583e-05
maxwell,26092410,calibration_mode_b,plus,0.05,0.05,3.2592738786255746e-05
maxwell,26092410,calibration_mode_b,plus,0.1,0.0,2.8836447716838412e-05
maxwell,26092410,calibration_mode_b,plus,0.1,0.01,3.019507064455104e-05
maxwell,26092410,calibration_mode_b,plus,0.1,0.05,3.611750908000073e-05
maxwell,26092410,calibration_mode_b,plus,0.2,0.0,2.8836447716838412e-05
maxwell,26092410,calibration_mode_b,plus,0.2,0.01,3.125520904965931e-05
maxwell,26092410,calibration_mode_b,plus,0.2,0.05,4.2212388734592044e-05
maxwell,26092410,calibration_mode_b,plus,0.4,0.0,2.8836447716838412e-05
maxwell,26092410,calibration_mode_b,plus,0.4,0.01,3.269955721044444e-05
maxwell,26092410,calibration_mode_b,plus,0.4,0.05,5.078001764322758e-05
maxwell,26092410,calibration_mode_b,minus,0.05,0.0,1.564519046872347e-05
maxwell,26092410,calibration_mode_b,minus,0.05,0.01,1.596765443842109e-05
maxwell,26092410,calibration_mode_b,minus,0.05,0.05,1.7602874979307933e-05
maxwell,26092410,calibration_mode_b,minus,0.1,0.0,1.564519046872347e-05
maxwell,26092410,calibration_mode_b,minus,0.1,0.01,1.627711614124316e-05
maxwell,26092410,calibration_mode_b,minus,0.1,0.05,1.9901554615849758e-05
maxwell,26092410,calibration_mode_b,minus,0.2,0.0,1.564519046872347e-05
maxwell,26092410,calibration_mode_b,minus,0.2,0.01,1.683700523133077e-05
maxwell,26092410,calibration_mode_b,minus,0.2,0.05,2.449690825703086e-05
maxwell,26092410,calibration_mode_b,minus,0.4,0.0,1.564519046872347e-05
maxwell,26092410,calibration_mode_b,minus,0.4,0.01,1.7693040114891306e-05
maxwell,26092410,calibration_mode_b,minus,0.4,0.05,3.1748505116373765e-05
maxwell,26092411,calibration_mode_a,plus,0.05,0.0,2.2156900970696984e-05
maxwell,26092411,calibration_mode_a,plus,0.05,0.01,2.271285339820847e-05
maxwell,26092411,calibration_mode_a,plus,0.05,0.05,2.5161804399365892e-05
maxwell,26092411,calibration_mode_a,plus,0.1,0.0,2.2156900970696984e-05
maxwell,26092411,calibration_mode_a,plus,0.1,0.01,2.3215141310921258e-05
maxwell,26092411,calibration_mode_a,plus,0.1,0.05,2.8155422208491697e-05
maxwell,26092411,calibration_mode_a,plus,0.2,0.0,2.2156900970696984e-05
maxwell,26092411,calibration_mode_a,plus,0.2,0.01,2.406778311308182e-05
maxwell,26092411,calibration_mode_a,plus,0.2,0.05,3.356199309472637e-05
maxwell,26092411,calibration_mode_a,plus,0.4,0.0,2.2156900970696984e-05
maxwell,26092411,calibration_mode_a,plus,0.4,0.01,2.5268059657491447e-05
maxwell,26092411,calibration_mode_a,plus,0.4,0.05,4.1470564393193376e-05
maxwell,26092411,calibration_mode_a,minus,0.05,0.0,2.2529178511358968e-05
maxwell,26092411,calibration_mode_a,minus,0.05,0.01,2.308699267096024e-05
maxwell,26092411,calibration_mode_a,minus,0.05,0.05,2.55405274543423e-05
maxwell,26092411,calibration_mode_a,minus,0.1,0.0,2.2529178511358968e-05
maxwell,26092411,calibration_mode_a,minus,0.1,0.01,2.359058407370327e-05
maxwell,26092411,calibration_mode_a,minus,0.1,0.05,2.853537957591e-05
maxwell,26092411,calibration_mode_a,minus,0.2,0.0,2.2529178511358968e-05
maxwell,26092411,calibration_mode_a,minus,0.2,0.01,2.4444699412503125e-05
maxwell,26092411,calibration_mode_a,minus,0.2,0.05,3.3939646120172435e-05
maxwell,26092411,calibration_mode_a,minus,0.4,0.0,2.2529178511358968e-05
maxwell,26092411,calibration_mode_a,minus,0.4,0.01,2.564544217446005e-05
maxwell,26092411,calibration_mode_a,minus,0.4,0.05,4.1840832272698505e-05
maxwell,26092411,calibration_mode_b,plus,0.05,0.0,2.8836447716835644e-05
maxwell,26092411,calibration_mode_b,plus,0.05,0.01,2.9556647995358604e-05
maxwell,26092411,calibration_mode_b,plus,0.05,0.05,3.259273878624394e-05
maxwell,26092411,calibration_mode_b,plus,0.1,0.0,2.8836447716835644e-05
maxwell,26092411,calibration_mode_b,plus,0.1,0.01,3.0195070644545482e-05
maxwell,26092411,calibration_mode_b,plus,0.1,0.05,3.611750908001388e-05
maxwell,26092411,calibration_mode_b,plus,0.2,0.0,2.8836447716835644e-05
maxwell,26092411,calibration_mode_b,plus,0.2,0.01,3.1255209049660176e-05
maxwell,26092411,calibration_mode_b,plus,0.2,0.05,4.221238873459138e-05
maxwell,26092411,calibration_mode_b,plus,0.4,0.0,2.8836447716835644e-05
maxwell,26092411,calibration_mode_b,plus,0.4,0.01,3.2699557210441375e-05
maxwell,26092411,calibration_mode_b,plus,0.4,0.05,5.078001764323777e-05
maxwell,26092411,calibration_mode_b,minus,0.05,0.0,1.5645190468734985e-05
maxwell,26092411,calibration_mode_b,minus,0.05,0.01,1.5967654438424654e-05
maxwell,26092411,calibration_mode_b,minus,0.05,0.05,1.7602874979326974e-05
maxwell,26092411,calibration_mode_b,minus,0.1,0.0,1.5645190468734985e-05
maxwell,26092411,calibration_mode_b,minus,0.1,0.01,1.6277116141250412e-05
maxwell,26092411,calibration_mode_b,minus,0.1,0.05,1.990155461589359e-05
maxwell,26092411,calibration_mode_b,minus,0.2,0.0,1.5645190468734985e-05
maxwell,26092411,calibration_mode_b,minus,0.2,0.01,1.6837005231336365e-05
maxwell,26092411,calibration_mode_b,minus,0.2,0.05,2.449690825703244e-05
maxwell,26092411,calibration_mode_b,minus,0.4,0.0,1.5645190468734985e-05
maxwell,26092411,calibration_mode_b,minus,0.4,0.01,1.7693040114911662e-05
maxwell,26092411,calibration_mode_b,minus,0.4,0.05,3.174850511639674e-05
maxwell,26092412,calibration_mode_a,plus,0.05,0.0,2.215690097068552e-05
maxwell,26092412,calibration_mode_a,plus,0.05,0.01,2.2712853398197163e-05
maxwell,26092412,calibration_mode_a,plus,0.05,0.05,2.516180439934975e-05
maxwell,26092412,calibration_mode_a,plus,0.1,0.0,2.215690097068552e-05
maxwell,26092412,calibration_mode_a,plus,0.1,0.01,2.3215141310927153e-05
maxwell,26092412,calibration_mode_a,plus,0.1,0.05,2.815542220849049e-05
maxwell,26092412,calibration_mode_a,plus,0.2,0.0,2.215690097068552e-05
maxwell,26092412,calibration_mode_a,plus,0.2,0.01,2.4067783113081088e-05
maxwell,26092412,calibration_mode_a,plus,0.2,0.05,3.356199309470237e-05
maxwell,26092412,calibration_mode_a,plus,0.4,0.0,2.215690097068552e-05
maxwell,26092412,calibration_mode_a,plus,0.4,0.01,2.5268059657481418e-05
maxwell,26092412,calibration_mode_a,plus,0.4,0.05,4.147056439319669e-05
maxwell,26092412,calibration_mode_a,minus,0.05,0.0,2.252917851135746e-05
maxwell,26092412,calibration_mode_a,minus,0.05,0.01,2.308699267094544e-05
maxwell,26092412,calibration_mode_a,minus,0.05,0.05,2.5540527454343656e-05
maxwell,26092412,calibration_mode_a,minus,0.1,0.0,2.252917851135746e-05
maxwell,26092412,calibration_mode_a,minus,0.1,0.01,2.3590584073705026e-05
maxwell,26092412,calibration_mode_a,minus,0.1,0.05,2.8535379575928923e-05
maxwell,26092412,calibration_mode_a,minus,0.2,0.0,2.252917851135746e-05
maxwell,26092412,calibration_mode_a,minus,0.2,0.01,2.444469941249799e-05
maxwell,26092412,calibration_mode_a,minus,0.2,0.05,3.39396461201677e-05
maxwell,26092412,calibration_mode_a,minus,0.4,0.0,2.252917851135746e-05
maxwell,26092412,calibration_mode_a,minus,0.4,0.01,2.564544217445424e-05
maxwell,26092412,calibration_mode_a,minus,0.4,0.05,4.184083227267651e-05
maxwell,26092412,calibration_mode_b,plus,0.05,0.0,2.8836447716824413e-05
maxwell,26092412,calibration_mode_b,plus,0.05,0.01,2.9556647995351435e-05
maxwell,26092412,calibration_mode_b,plus,0.05,0.05,3.25927387862476e-05
maxwell,26092412,calibration_mode_b,plus,0.1,0.0,2.8836447716824413e-05
maxwell,26092412,calibration_mode_b,plus,0.1,0.01,3.019507064455137e-05
maxwell,26092412,calibration_mode_b,plus,0.1,0.05,3.611750908001014e-05
maxwell,26092412,calibration_mode_b,plus,0.2,0.0,2.8836447716824413e-05
maxwell,26092412,calibration_mode_b,plus,0.2,0.01,3.125520904965854e-05
maxwell,26092412,calibration_mode_b,plus,0.2,0.05,4.22123887346103e-05
maxwell,26092412,calibration_mode_b,plus,0.4,0.0,2.8836447716824413e-05
maxwell,26092412,calibration_mode_b,plus,0.4,0.01,3.26995572104348e-05
maxwell,26092412,calibration_mode_b,plus,0.4,0.05,5.0780017643224574e-05
maxwell,26092412,calibration_mode_b,minus,0.05,0.0,1.564519046872202e-05
maxwell,26092412,calibration_mode_b,minus,0.05,0.01,1.5967654438421157e-05
maxwell,26092412,calibration_mode_b,minus,0.05,0.05,1.7602874979306784e-05
maxwell,26092412,calibration_mode_b,minus,0.1,0.0,1.564519046872202e-05
maxwell,26092412,calibration_mode_b,minus,0.1,0.01,1.627711614125461e-05
maxwell,26092412,calibration_mode_b,minus,0.1,0.05,1.9901554615856138e-05
maxwell,26092412,calibration_mode_b,minus,0.2,0.0,1.564519046872202e-05
maxwell,26092412,calibration_mode_b,minus,0.2,0.01,1.683700523132255e-05
maxwell,26092412,calibration_mode_b,minus,0.2,0.05,2.4496908257021148e-05
maxwell,26092412,calibration_mode_b,minus,0.4,0.0,1.564519046872202e-05
maxwell,26092412,calibration_mode_b,minus,0.4,0.01,1.769304011489464e-05
maxwell,26092412,calibration_mode_b,minus,0.4,0.05,3.174850511637631e-05
maxwell,26092413,calibration_mode_a,plus,0.05,0.0,2.2156900970704956e-05
maxwell,26092413,calibration_mode_a,plus,0.05,0.01,2.2712853398219857e-05
maxwell,26092413,calibration_mode_a,plus,0.05,0.05,2.5161804399380342e-05
maxwell,26092413,calibration_mode_a,plus,0.1,0.0,2.2156900970704956e-05
maxwell,26092413,calibration_mode_a,plus,0.1,0.01,2.3215141310929955e-05
maxwell,26092413,calibration_mode_a,plus,0.1,0.05,2.815542220850823e-05
maxwell,26092413,calibration_mode_a,plus,0.2,0.0,2.2156900970704956e-05
maxwell,26092413,calibration_mode_a,plus,0.2,0.01,2.406778311309099e-05
maxwell,26092413,calibration_mode_a,plus,0.2,0.05,3.3561993094734424e-05
maxwell,26092413,calibration_mode_a,plus,0.4,0.0,2.2156900970704956e-05
maxwell,26092413,calibration_mode_a,plus,0.4,0.01,2.5268059657483512e-05
maxwell,26092413,calibration_mode_a,plus,0.4,0.05,4.147056439321484e-05
maxwell,26092413,calibration_mode_a,minus,0.05,0.0,2.2529178511368485e-05
maxwell,26092413,calibration_mode_a,minus,0.05,0.01,2.3086992670971236e-05
maxwell,26092413,calibration_mode_a,minus,0.05,0.05,2.554052745434421e-05
maxwell,26092413,calibration_mode_a,minus,0.1,0.0,2.2529178511368485e-05
maxwell,26092413,calibration_mode_a,minus,0.1,0.01,2.3590584073709702e-05
maxwell,26092413,calibration_mode_a,minus,0.1,0.05,2.853537957592161e-05
maxwell,26092413,calibration_mode_a,minus,0.2,0.0,2.2529178511368485e-05
maxwell,26092413,calibration_mode_a,minus,0.2,0.01,2.4444699412507682e-05
maxwell,26092413,calibration_mode_a,minus,0.2,0.05,3.3939646120180804e-05
maxwell,26092413,calibration_mode_a,minus,0.4,0.0,2.2529178511368485e-05
maxwell,26092413,calibration_mode_a,minus,0.4,0.01,2.564544217446996e-05
maxwell,26092413,calibration_mode_a,minus,0.4,0.05,4.1840832272694656e-05
maxwell,26092413,calibration_mode_b,plus,0.05,0.0,2.883644771684082e-05
maxwell,26092413,calibration_mode_b,plus,0.05,0.01,2.9556647995353867e-05
maxwell,26092413,calibration_mode_b,plus,0.05,0.05,3.2592738786264785e-05
maxwell,26092413,calibration_mode_b,plus,0.1,0.0,2.883644771684082e-05
maxwell,26092413,calibration_mode_b,plus,0.1,0.01,3.019507064456055e-05
maxwell,26092413,calibration_mode_b,plus,0.1,0.05,3.6117509080009085e-05
maxwell,26092413,calibration_mode_b,plus,0.2,0.0,2.883644771684082e-05
maxwell,26092413,calibration_mode_b,plus,0.2,0.01,3.125520904967717e-05
maxwell,26092413,calibration_mode_b,plus,0.2,0.05,4.2212388734606626e-05
maxwell,26092413,calibration_mode_b,plus,0.4,0.0,2.883644771684082e-05
maxwell,26092413,calibration_mode_b,plus,0.4,0.01,3.269955721043665e-05
maxwell,26092413,calibration_mode_b,plus,0.4,0.05,5.078001764324057e-05
maxwell,26092413,calibration_mode_b,minus,0.05,0.0,1.5645190468726898e-05
maxwell,26092413,calibration_mode_b,minus,0.05,0.01,1.596765443841435e-05
maxwell,26092413,calibration_mode_b,minus,0.05,0.05,1.760287497931608e-05
maxwell,26092413,calibration_mode_b,minus,0.1,0.0,1.5645190468726898e-05
maxwell,26092413,calibration_mode_b,minus,0.1,0.01,1.6277116141233593e-05
maxwell,26092413,calibration_mode_b,minus,0.1,0.05,1.99015546158584e-05
maxwell,26092413,calibration_mode_b,minus,0.2,0.0,1.5645190468726898e-05
maxwell,26092413,calibration_mode_b,minus,0.2,0.01,1.6837005231320292e-05
maxwell,26092413,calibration_mode_b,minus,0.2,0.05,2.4496908257016062e-05
maxwell,26092413,calibration_mode_b,minus,0.4,0.0,1.5645190468726898e-05
maxwell,26092413,calibration_mode_b,minus,0.4,0.01,1.76930401149109e-05
maxwell,26092413,calibration_mode_b,minus,0.4,0.05,3.174850511637495e-05
maxwell,26092414,calibration_mode_a,plus,0.05,0.0,2.215690097068927e-05
maxwell,26092414,calibration_mode_a,plus,0.05,0.01,2.2712853398213633e-05
maxwell,26092414,calibration_mode_a,plus,0.05,0.05,2.51618043993577e-05
maxwell,26092414,calibration_mode_a,plus,0.1,0.0,2.215690097068927e-05
maxwell,26092414,calibration_mode_a,plus,0.1,0.01,2.3215141310918564e-05
maxwell,26092414,calibration_mode_a,plus,0.1,0.05,2.8155422208503006e-05
maxwell,26092414,calibration_mode_a,plus,0.2,0.0,2.215690097068927e-05
maxwell,26092414,calibration_mode_a,plus,0.2,0.01,2.4067783113062297e-05
maxwell,26092414,calibration_mode_a,plus,0.2,0.05,3.356199309471332e-05
maxwell,26092414,calibration_mode_a,plus,0.4,0.0,2.215690097068927e-05
maxwell,26092414,calibration_mode_a,plus,0.4,0.01,2.5268059657472768e-05
maxwell,26092414,calibration_mode_a,plus,0.4,0.05,4.147056439320048e-05
maxwell,26092414,calibration_mode_a,minus,0.05,0.0,2.252917851135282e-05
maxwell,26092414,calibration_mode_a,minus,0.05,0.01,2.308699267095945e-05
maxwell,26092414,calibration_mode_a,minus,0.05,0.05,2.5540527454330693e-05
maxwell,26092414,calibration_mode_a,minus,0.1,0.0,2.252917851135282e-05
maxwell,26092414,calibration_mode_a,minus,0.1,0.01,2.3590584073707615e-05
maxwell,26092414,calibration_mode_a,minus,0.1,0.05,2.8535379575912182e-05
maxwell,26092414,calibration_mode_a,minus,0.2,0.0,2.252917851135282e-05
maxwell,26092414,calibration_mode_a,minus,0.2,0.01,2.4444699412483074e-05
maxwell,26092414,calibration_mode_a,minus,0.2,0.05,3.3939646120149545e-05
maxwell,26092414,calibration_mode_a,minus,0.4,0.0,2.252917851135282e-05
maxwell,26092414,calibration_mode_a,minus,0.4,0.01,2.5645442174451923e-05
maxwell,26092414,calibration_mode_a,minus,0.4,0.05,4.184083227268199e-05
maxwell,26092414,calibration_mode_b,plus,0.05,0.0,2.88364477168388e-05
maxwell,26092414,calibration_mode_b,plus,0.05,0.01,2.955664799536144e-05
maxwell,26092414,calibration_mode_b,plus,0.05,0.05,3.259273878626175e-05
maxwell,26092414,calibration_mode_b,plus,0.1,0.0,2.88364477168388e-05
maxwell,26092414,calibration_mode_b,plus,0.1,0.01,3.019507064455531e-05
maxwell,26092414,calibration_mode_b,plus,0.1,0.05,3.611750908001663e-05
maxwell,26092414,calibration_mode_b,plus,0.2,0.0,2.88364477168388e-05
maxwell,26092414,calibration_mode_b,plus,0.2,0.01,3.1255209049659146e-05
maxwell,26092414,calibration_mode_b,plus,0.2,0.05,4.221238873460539e-05
maxwell,26092414,calibration_mode_b,plus,0.4,0.0,2.88364477168388e-05
maxwell,26092414,calibration_mode_b,plus,0.4,0.01,3.2699557210448436e-05
maxwell,26092414,calibration_mode_b,plus,0.4,0.05,5.078001764323956e-05
maxwell,26092414,calibration_mode_b,minus,0.05,0.0,1.564519046871113e-05
maxwell,26092414,calibration_mode_b,minus,0.05,0.01,1.596765443841874e-05
maxwell,26092414,calibration_mode_b,minus,0.05,0.05,1.7602874979317646e-05
maxwell,26092414,calibration_mode_b,minus,0.1,0.0,1.564519046871113e-05
maxwell,26092414,calibration_mode_b,minus,0.1,0.01,1.6277116141217435e-05
maxwell,26092414,calibration_mode_b,minus,0.1,0.05,1.9901554615853624e-05
maxwell,26092414,calibration_mode_b,minus,0.2,0.0,1.564519046871113e-05
maxwell,26092414,calibration_mode_b,minus,0.2,0.01,1.6837005231321888e-05
maxwell,26092414,calibration_mode_b,minus,0.2,0.05,2.449690825700409e-05
maxwell,26092414,calibration_mode_b,minus,0.4,0.0,1.564519046871113e-05
maxwell,26092414,calibration_mode_b,minus,0.4,0.01,1.7693040114885028e-05
maxwell,26092414,calibration_mode_b,minus,0.4,0.05,3.174850511636729e-05
maxwell,26092415,calibration_mode_a,plus,0.05,0.0,2.2156900970689703e-05
maxwell,26092415,calibration_mode_a,plus,0.05,0.01,2.2712853398194765e-05
maxwell,26092415,calibration_mode_a,plus,0.05,0.05,2.5161804399374074e-05
maxwell,26092415,calibration_mode_a,plus,0.1,0.0,2.2156900970689703e-05
maxwell,26092415,calibration_mode_a,plus,0.1,0.01,2.3215141310913753e-05
maxwell,26092415,calibration_mode_a,plus,0.1,0.05,2.815542220849892e-05
maxwell,26092415,calibration_mode_a,plus,0.2,0.0,2.2156900970689703e-05
maxwell,26092415,calibration_mode_a,plus,0.2,0.01,2.4067783113091984e-05
maxwell,26092415,calibration_mode_a,plus,0.2,0.05,3.3561993094722863e-05
maxwell,26092415,calibration_mode_a,plus,0.4,0.0,2.2156900970689703e-05
maxwell,26092415,calibration_mode_a,plus,0.4,0.01,2.5268059657480415e-05
maxwell,26092415,calibration_mode_a,plus,0.4,0.05,4.147056439317845e-05
maxwell,26092415,calibration_mode_a,minus,0.05,0.0,2.2529178511355926e-05
maxwell,26092415,calibration_mode_a,minus,0.05,0.01,2.3086992670947997e-05
maxwell,26092415,calibration_mode_a,minus,0.05,0.05,2.55405274543226e-05
maxwell,26092415,calibration_mode_a,minus,0.1,0.0,2.2529178511355926e-05
maxwell,26092415,calibration_mode_a,minus,0.1,0.01,2.3590584073692182e-05
maxwell,26092415,calibration_mode_a,minus,0.1,0.05,2.853537957591471e-05
maxwell,26092415,calibration_mode_a,minus,0.2,0.0,2.2529178511355926e-05
maxwell,26092415,calibration_mode_a,minus,0.2,0.01,2.4444699412470694e-05
maxwell,26092415,calibration_mode_a,minus,0.2,0.05,3.393964612015995e-05
maxwell,26092415,calibration_mode_a,minus,0.4,0.0,2.2529178511355926e-05
maxwell,26092415,calibration_mode_a,minus,0.4,0.01,2.56454421744369e-05
maxwell,26092415,calibration_mode_a,minus,0.4,0.05,4.184083227268018e-05
maxwell,26092415,calibration_mode_b,plus,0.05,0.0,2.8836447716837525e-05
maxwell,26092415,calibration_mode_b,plus,0.05,0.01,2.9556647995356893e-05
maxwell,26092415,calibration_mode_b,plus,0.05,0.05,3.2592738786242796e-05
maxwell,26092415,calibration_mode_b,plus,0.1,0.0,2.8836447716837525e-05
maxwell,26092415,calibration_mode_b,plus,0.1,0.01,3.0195070644556e-05
maxwell,26092415,calibration_mode_b,plus,0.1,0.05,3.6117509080005256e-05
maxwell,26092415,calibration_mode_b,plus,0.2,0.0,2.8836447716837525e-05
maxwell,26092415,calibration_mode_b,plus,0.2,0.01,3.125520904964769e-05
maxwell,26092415,calibration_mode_b,plus,0.2,0.05,4.221238873460739e-05
maxwell,26092415,calibration_mode_b,plus,0.4,0.0,2.8836447716837525e-05
maxwell,26092415,calibration_mode_b,plus,0.4,0.01,3.269955721043291e-05
maxwell,26092415,calibration_mode_b,plus,0.4,0.05,5.0780017643221924e-05
maxwell,26092415,calibration_mode_b,minus,0.05,0.0,1.5645190468733992e-05
maxwell,26092415,calibration_mode_b,minus,0.05,0.01,1.5967654438443478e-05
maxwell,26092415,calibration_mode_b,minus,0.05,0.05,1.760287497931282e-05
maxwell,26092415,calibration_mode_b,minus,0.1,0.0,1.5645190468733992e-05
maxwell,26092415,calibration_mode_b,minus,0.1,0.01,1.627711614125059e-05
maxwell,26092415,calibration_mode_b,minus,0.1,0.05,1.990155461588369e-05
maxwell,26092415,calibration_mode_b,minus,0.2,0.0,1.5645190468733992e-05
maxwell,26092415,calibration_mode_b,minus,0.2,0.01,1.68370052313318e-05
maxwell,26092415,calibration_mode_b,minus,0.2,0.05,2.4496908257036638e-05
maxwell,26092415,calibration_mode_b,minus,0.4,0.0,1.5645190468733992e-05
maxwell,26092415,calibration_mode_b,minus,0.4,0.01,1.7693040114892783e-05
maxwell,26092415,calibration_mode_b,minus,0.4,0.05,3.1748505116391864e-05
maxwell,26092416,calibration_mode_a,plus,0.05,0.0,2.2156900970705515e-05
maxwell,26092416,calibration_mode_a,plus,0.05,0.01,2.2712853398214602e-05
maxwell,26092416,calibration_mode_a,plus,0.05,0.05,2.51618043993527e-05
maxwell,26092416,calibration_mode_a,plus,0.1,0.0,2.2156900970705515e-05
maxwell,26092416,calibration_mode_a,plus,0.1,0.01,2.321514131091947e-05
maxwell,26092416,calibration_mode_a,plus,0.1,0.05,2.815542220849498e-05
maxwell,26092416,calibration_mode_a,plus,0.2,0.0,2.2156900970705515e-05
maxwell,26092416,calibration_mode_a,plus,0.2,0.01,2.406778311308801e-05
maxwell,26092416,calibration_mode_a,plus,0.2,0.05,3.356199309472517e-05
maxwell,26092416,calibration_mode_a,plus,0.4,0.0,2.2156900970705515e-05
maxwell,26092416,calibration_mode_a,plus,0.4,0.01,2.526805965748544e-05
maxwell,26092416,calibration_mode_a,plus,0.4,0.05,4.147056439318818e-05
maxwell,26092416,calibration_mode_a,minus,0.05,0.0,2.252917851136555e-05
maxwell,26092416,calibration_mode_a,minus,0.05,0.01,2.3086992670949108e-05
maxwell,26092416,calibration_mode_a,minus,0.05,0.05,2.5540527454341755e-05
maxwell,26092416,calibration_mode_a,minus,0.1,0.0,2.252917851136555e-05
maxwell,26092416,calibration_mode_a,minus,0.1,0.01,2.3590584073701665e-05
maxwell,26092416,calibration_mode_a,minus,0.1,0.05,2.8535379575902902e-05
maxwell,26092416,calibration_mode_a,minus,0.2,0.0,2.252917851136555e-05
maxwell,26092416,calibration_mode_a,minus,0.2,0.01,2.4444699412499256e-05
maxwell,26092416,calibration_mode_a,minus,0.2,0.05,3.3939646120178636e-05
maxwell,26092416,calibration_mode_a,minus,0.4,0.0,2.252917851136555e-05
maxwell,26092416,calibration_mode_a,minus,0.4,0.01,2.5645442174445634e-05
maxwell,26092416,calibration_mode_a,minus,0.4,0.05,4.184083227270138e-05
maxwell,26092416,calibration_mode_b,plus,0.05,0.0,2.883644771684337e-05
maxwell,26092416,calibration_mode_b,plus,0.05,0.01,2.9556647995372228e-05
maxwell,26092416,calibration_mode_b,plus,0.05,0.05,3.259273878625129e-05
maxwell,26092416,calibration_mode_b,plus,0.1,0.0,2.883644771684337e-05
maxwell,26092416,calibration_mode_b,plus,0.1,0.01,3.019507064455573e-05
maxwell,26092416,calibration_mode_b,plus,0.1,0.05,3.611750908000787e-05
maxwell,26092416,calibration_mode_b,plus,0.2,0.0,2.883644771684337e-05
maxwell,26092416,calibration_mode_b,plus,0.2,0.01,3.125520904965218e-05
maxwell,26092416,calibration_mode_b,plus,0.2,0.05,4.221238873459352e-05
maxwell,26092416,calibration_mode_b,plus,0.4,0.0,2.883644771684337e-05
maxwell,26092416,calibration_mode_b,plus,0.4,0.01,3.269955721044713e-05
maxwell,26092416,calibration_mode_b,plus,0.4,0.05,5.078001764323544e-05
maxwell,26092416,calibration_mode_b,minus,0.05,0.0,1.5645190468730428e-05
maxwell,26092416,calibration_mode_b,minus,0.05,0.01,1.5967654438443434e-05
maxwell,26092416,calibration_mode_b,minus,0.05,0.05,1.7602874979294112e-05
maxwell,26092416,calibration_mode_b,minus,0.1,0.0,1.5645190468730428e-05
maxwell,26092416,calibration_mode_b,minus,0.1,0.01,1.627711614122805e-05
maxwell,26092416,calibration_mode_b,minus,0.1,0.05,1.9901554615867478e-05
maxwell,26092416,calibration_mode_b,minus,0.2,0.0,1.5645190468730428e-05
maxwell,26092416,calibration_mode_b,minus,0.2,0.01,1.683700523131558e-05
maxwell,26092416,calibration_mode_b,minus,0.2,0.05,2.449690825702981e-05
maxwell,26092416,calibration_mode_b,minus,0.4,0.0,1.5645190468730428e-05
maxwell,26092416,calibration_mode_b,minus,0.4,0.01,1.769304011487755e-05
maxwell,26092416,calibration_mode_b,minus,0.4,0.05,3.174850511635635e-05
maxwell,26092417,calibration_mode_a,plus,0.05,0.0,2.2156900970697553e-05
maxwell,26092417,calibration_mode_a,plus,0.05,0.01,2.2712853398215253e-05
maxwell,26092417,calibration_mode_a,plus,0.05,0.05,2.5161804399373898e-05
maxwell,26092417,calibration_mode_a,plus,0.1,0.0,2.2156900970697553e-05
maxwell,26092417,calibration_mode_a,plus,0.1,0.01,2.3215141310913367e-05
maxwell,26092417,calibration_mode_a,plus,0.1,0.05,2.815542220848997e-05
maxwell,26092417,calibration_mode_a,plus,0.2,0.0,2.2156900970697553e-05
maxwell,26092417,calibration_mode_a,plus,0.2,0.01,2.4067783113093742e-05
maxwell,26092417,calibration_mode_a,plus,0.2,0.05,3.356199309471986e-05
maxwell,26092417,calibration_mode_a,plus,0.4,0.0,2.2156900970697553e-05
maxwell,26092417,calibration_mode_a,plus,0.4,0.01,2.5268059657482373e-05
maxwell,26092417,calibration_mode_a,plus,0.4,0.05,4.147056439320835e-05
maxwell,26092417,calibration_mode_a,minus,0.05,0.0,2.2529178511354896e-05
maxwell,26092417,calibration_mode_a,minus,0.05,0.01,2.308699267096591e-05
maxwell,26092417,calibration_mode_a,minus,0.05,0.05,2.5540527454348203e-05
maxwell,26092417,calibration_mode_a,minus,0.1,0.0,2.2529178511354896e-05
maxwell,26092417,calibration_mode_a,minus,0.1,0.01,2.3590584073687726e-05
maxwell,26092417,calibration_mode_a,minus,0.1,0.05,2.853537957591182e-05
maxwell,26092417,calibration_mode_a,minus,0.2,0.0,2.2529178511354896e-05
maxwell,26092417,calibration_mode_a,minus,0.2,0.01,2.444469941249285e-05
maxwell,26092417,calibration_mode_a,minus,0.2,0.05,3.3939646120151754e-05
maxwell,26092417,calibration_mode_a,minus,0.4,0.0,2.2529178511354896e-05
maxwell,26092417,calibration_mode_a,minus,0.4,0.01,2.5645442174454908e-05
maxwell,26092417,calibration_mode_a,minus,0.4,0.05,4.184083227268364e-05
maxwell,26092417,calibration_mode_b,plus,0.05,0.0,2.8836447716845422e-05
maxwell,26092417,calibration_mode_b,plus,0.05,0.01,2.9556647995380962e-05
maxwell,26092417,calibration_mode_b,plus,0.05,0.05,3.259273878625677e-05
maxwell,26092417,calibration_mode_b,plus,0.1,0.0,2.8836447716845422e-05
maxwell,26092417,calibration_mode_b,plus,0.1,0.01,3.019507064457602e-05
maxwell,26092417,calibration_mode_b,plus,0.1,0.05,3.611750908004317e-05
maxwell,26092417,calibration_mode_b,plus,0.2,0.0,2.8836447716845422e-05
maxwell,26092417,calibration_mode_b,plus,0.2,0.01,3.125520904966167e-05
maxwell,26092417,calibration_mode_b,plus,0.2,0.05,4.2212388734613227e-05
maxwell,26092417,calibration_mode_b,plus,0.4,0.0,2.8836447716845422e-05
maxwell,26092417,calibration_mode_b,plus,0.4,0.01,3.2699557210445495e-05
maxwell,26092417,calibration_mode_b,plus,0.4,0.05,5.078001764324224e-05
maxwell,26092417,calibration_mode_b,minus,0.05,0.0,1.5645190468729022e-05
maxwell,26092417,calibration_mode_b,minus,0.05,0.01,1.596765443843158e-05
maxwell,26092417,calibration_mode_b,minus,0.05,0.05,1.760287497931482e-05
maxwell,26092417,calibration_mode_b,minus,0.1,0.0,1.5645190468729022e-05
maxwell,26092417,calibration_mode_b,minus,0.1,0.01,1.627711614124198e-05
maxwell,26092417,calibration_mode_b,minus,0.1,0.05,1.9901554615857985e-05
maxwell,26092417,calibration_mode_b,minus,0.2,0.0,1.5645190468729022e-05
maxwell,26092417,calibration_mode_b,minus,0.2,0.01,1.6837005231317327e-05
maxwell,26092417,calibration_mode_b,minus,0.2,0.05,2.4496908257028717e-05
maxwell,26092417,calibration_mode_b,minus,0.4,0.0,1.5645190468729022e-05
maxwell,26092417,calibration_mode_b,minus,0.4,0.01,1.7693040114888985e-05
maxwell,26092417,calibration_mode_b,minus,0.4,0.05,3.174850511637969e-05
maxwell,26092418,calibration_mode_a,plus,0.05,0.0,2.215690097067079e-05
maxwell,26092418,calibration_mode_a,plus,0.05,0.01,2.2712853398202025e-05
maxwell,26092418,calibration_mode_a,plus,0.05,0.05,2.5161804399346254e-05
maxwell,26092418,calibration_mode_a,plus,0.1,0.0,2.215690097067079e-05
maxwell,26092418,calibration_mode_a,plus,0.1,0.01,2.32151413109056e-05
maxwell,26092418,calibration_mode_a,plus,0.1,0.05,2.815542220848839e-05
maxwell,26092418,calibration_mode_a,plus,0.2,0.0,2.215690097067079e-05
maxwell,26092418,calibration_mode_a,plus,0.2,0.01,2.406778311307096e-05
maxwell,26092418,calibration_mode_a,plus,0.2,0.05,3.356199309471721e-05
maxwell,26092418,calibration_mode_a,plus,0.4,0.0,2.215690097067079e-05
maxwell,26092418,calibration_mode_a,plus,0.4,0.01,2.5268059657488364e-05
maxwell,26092418,calibration_mode_a,plus,0.4,0.05,4.147056439318647e-05
maxwell,26092418,calibration_mode_a,minus,0.05,0.0,2.2529178511321526e-05
maxwell,26092418,calibration_mode_a,minus,0.05,0.01,2.3086992670929775e-05
maxwell,26092418,calibration_mode_a,minus,0.05,0.05,2.554052745432024e-05
maxwell,26092418,calibration_mode_a,minus,0.1,0.0,2.2529178511321526e-05
maxwell,26092418,calibration_mode_a,minus,0.1,0.01,2.3590584073673906e-05
maxwell,26092418,calibration_mode_a,minus,0.1,0.05,2.8535379575898545e-05
maxwell,26092418,calibration_mode_a,minus,0.2,0.0,2.2529178511321526e-05
maxwell,26092418,calibration_mode_a,minus,0.2,0.01,2.44446994124778e-05
maxwell,26092418,calibration_mode_a,minus,0.2,0.05,3.3939646120144056e-05
maxwell,26092418,calibration_mode_a,minus,0.4,0.0,2.2529178511321526e-05
maxwell,26092418,calibration_mode_a,minus,0.4,0.01,2.564544217442576e-05
maxwell,26092418,calibration_mode_a,minus,0.4,0.05,4.1840832272680514e-05
maxwell,26092418,calibration_mode_b,plus,0.05,0.0,2.8836447716821173e-05
maxwell,26092418,calibration_mode_b,plus,0.05,0.01,2.95566479953637e-05
maxwell,26092418,calibration_mode_b,plus,0.05,0.05,3.25927387862415e-05
maxwell,26092418,calibration_mode_b,plus,0.1,0.0,2.8836447716821173e-05
maxwell,26092418,calibration_mode_b,plus,0.1,0.01,3.0195070644553227e-05
maxwell,26092418,calibration_mode_b,plus,0.1,0.05,3.6117509080001e-05
maxwell,26092418,calibration_mode_b,plus,0.2,0.0,2.8836447716821173e-05
maxwell,26092418,calibration_mode_b,plus,0.2,0.01,3.12552090496551e-05
maxwell,26092418,calibration_mode_b,plus,0.2,0.05,4.221238873462108e-05
maxwell,26092418,calibration_mode_b,plus,0.4,0.0,2.8836447716821173e-05
maxwell,26092418,calibration_mode_b,plus,0.4,0.01,3.269955721043931e-05
maxwell,26092418,calibration_mode_b,plus,0.4,0.05,5.078001764323659e-05
maxwell,26092418,calibration_mode_b,minus,0.05,0.0,1.5645190468705027e-05
maxwell,26092418,calibration_mode_b,minus,0.05,0.01,1.596765443842247e-05
maxwell,26092418,calibration_mode_b,minus,0.05,0.05,1.7602874979310724e-05
maxwell,26092418,calibration_mode_b,minus,0.1,0.0,1.5645190468705027e-05
maxwell,26092418,calibration_mode_b,minus,0.1,0.01,1.6277116141235403e-05
maxwell,26092418,calibration_mode_b,minus,0.1,0.05,1.990155461586503e-05
maxwell,26092418,calibration_mode_b,minus,0.2,0.0,1.5645190468705027e-05
maxwell,26092418,calibration_mode_b,minus,0.2,0.01,1.6837005231302396e-05
maxwell,26092418,calibration_mode_b,minus,0.2,0.05,2.44969082570106e-05
maxwell,26092418,calibration_mode_b,minus,0.4,0.0,1.5645190468705027e-05
maxwell,26092418,calibration_mode_b,minus,0.4,0.01,1.7693040114886393e-05
maxwell,26092418,calibration_mode_b,minus,0.4,0.05,3.174850511636863e-05
maxwell,26092419,calibration_mode_a,plus,0.05,0.0,2.2156900970691404e-05
maxwell,26092419,calibration_mode_a,plus,0.05,0.01,2.2712853398209124e-05
maxwell,26092419,calibration_mode_a,plus,0.05,0.05,2.5161804399370493e-05
maxwell,26092419,calibration_mode_a,plus,0.1,0.0,2.2156900970691404e-05
maxwell,26092419,calibration_mode_a,plus,0.1,0.01,2.3215141310924053e-05
maxwell,26092419,calibration_mode_a,plus,0.1,0.05,2.815542220848969e-05
maxwell,26092419,calibration_mode_a,plus,0.2,0.0,2.2156900970691404e-05
maxwell,26092419,calibration_mode_a,plus,0.2,0.01,2.406778311310013e-05
maxwell,26092419,calibration_mode_a,plus,0.2,0.05,3.3561993094698726e-05
maxwell,26092419,calibration_mode_a,plus,0.4,0.0,2.2156900970691404e-05
maxwell,26092419,calibration_mode_a,plus,0.4,0.01,2.526805965747549e-05
maxwell,26092419,calibration_mode_a,plus,0.4,0.05,4.1470564393191106e-05
maxwell,26092419,calibration_mode_a,minus,0.05,0.0,2.252917851134229e-05
maxwell,26092419,calibration_mode_a,minus,0.05,0.01,2.3086992670940014e-05
maxwell,26092419,calibration_mode_a,minus,0.05,0.05,2.5540527454326736e-05
maxwell,26092419,calibration_mode_a,minus,0.1,0.0,2.252917851134229e-05
maxwell,26092419,calibration_mode_a,minus,0.1,0.01,2.35905840737016e-05
maxwell,26092419,calibration_mode_a,minus,0.1,0.05,2.853537957590295e-05
maxwell,26092419,calibration_mode_a,minus,0.2,0.0,2.252917851134229e-05
maxwell,26092419,calibration_mode_a,minus,0.2,0.01,2.4444699412490236e-05
maxwell,26092419,calibration_mode_a,minus,0.2,0.05,3.393964612016154e-05
maxwell,26092419,calibration_mode_a,minus,0.4,0.0,2.252917851134229e-05
maxwell,26092419,calibration_mode_a,minus,0.4,0.01,2.5645442174447095e-05
maxwell,26092419,calibration_mode_a,minus,0.4,0.05,4.184083227269199e-05
maxwell,26092419,calibration_mode_b,plus,0.05,0.0,2.8836447716819622e-05
maxwell,26092419,calibration_mode_b,plus,0.05,0.01,2.9556647995369365e-05
maxwell,26092419,calibration_mode_b,plus,0.05,0.05,3.259273878624806e-05
maxwell,26092419,calibration_mode_b,plus,0.1,0.0,2.8836447716819622e-05
maxwell,26092419,calibration_mode_b,plus,0.1,0.01,3.019507064455398e-05
maxwell,26092419,calibration_mode_b,plus,0.1,0.05,3.611750908002242e-05
maxwell,26092419,calibration_mode_b,plus,0.2,0.0,2.8836447716819622e-05
maxwell,26092419,calibration_mode_b,plus,0.2,0.01,3.125520904965812e-05
maxwell,26092419,calibration_mode_b,plus,0.2,0.05,4.22123887345946e-05
maxwell,26092419,calibration_mode_b,plus,0.4,0.0,2.8836447716819622e-05
maxwell,26092419,calibration_mode_b,plus,0.4,0.01,3.2699557210439105e-05
maxwell,26092419,calibration_mode_b,plus,0.4,0.05,5.0780017643229256e-05
maxwell,26092419,calibration_mode_b,minus,0.05,0.0,1.5645190468707382e-05
maxwell,26092419,calibration_mode_b,minus,0.05,0.01,1.596765443840073e-05
maxwell,26092419,calibration_mode_b,minus,0.05,0.05,1.7602874979319903e-05
maxwell,26092419,calibration_mode_b,minus,0.1,0.0,1.5645190468707382e-05
maxwell,26092419,calibration_mode_b,minus,0.1,0.01,1.62771161412331e-05
maxwell,26092419,calibration_mode_b,minus,0.1,0.05,1.9901554615843233e-05
maxwell,26092419,calibration_mode_b,minus,0.2,0.0,1.5645190468707382e-05
maxwell,26092419,calibration_mode_b,minus,0.2,0.01,1.6837005231307647e-05
maxwell,26092419,calibration_mode_b,minus,0.2,0.05,2.4496908257025884e-05
maxwell,26092419,calibration_mode_b,minus,0.4,0.0,1.5645190468707382e-05
maxwell,26092419,calibration_mode_b,minus,0.4,0.01,1.769304011488572e-05
maxwell,26092419,calibration_mode_b,minus,0.4,0.05,3.174850511636024e-05
maxwell,26092420,calibration_mode_a,plus,0.05,0.0,2.2156900970680484e-05
maxwell,26092420,calibration_mode_a,plus,0.05,0.01,2.2712853398202124e-05
maxwell,26092420,calibration_mode_a,plus,0.05,0.05,2.516180439935355e-05
maxwell,26092420,calibration_mode_a,plus,0.1,0.0,2.2156900970680484e-05
maxwell,26092420,calibration_mode_a,plus,0.1,0.01,2.321514131089315e-05
maxwell,26092420,calibration_mode_a,plus,0.1,0.05,2.8155422208484463e-05
maxwell,26092420,calibration_mode_a,plus,0.2,0.0,2.2156900970680484e-05
maxwell,26092420,calibration_mode_a,plus,0.2,0.01,2.4067783113068802e-05
maxwell,26092420,calibration_mode_a,plus,0.2,0.05,3.356199309470403e-05
maxwell,26092420,calibration_mode_a,plus,0.4,0.0,2.2156900970680484e-05
maxwell,26092420,calibration_mode_a,plus,0.4,0.01,2.5268059657459612e-05
maxwell,26092420,calibration_mode_a,plus,0.4,0.05,4.1470564393186166e-05
maxwell,26092420,calibration_mode_a,minus,0.05,0.0,2.2529178511341174e-05
maxwell,26092420,calibration_mode_a,minus,0.05,0.01,2.3086992670937036e-05
maxwell,26092420,calibration_mode_a,minus,0.05,0.05,2.554052745433709e-05
maxwell,26092420,calibration_mode_a,minus,0.1,0.0,2.2529178511341174e-05
maxwell,26092420,calibration_mode_a,minus,0.1,0.01,2.3590584073692744e-05
maxwell,26092420,calibration_mode_a,minus,0.1,0.05,2.8535379575902777e-05
maxwell,26092420,calibration_mode_a,minus,0.2,0.0,2.2529178511341174e-05
maxwell,26092420,calibration_mode_a,minus,0.2,0.01,2.4444699412491917e-05
maxwell,26092420,calibration_mode_a,minus,0.2,0.05,3.3939646120156674e-05
maxwell,26092420,calibration_mode_a,minus,0.4,0.0,2.2529178511341174e-05
maxwell,26092420,calibration_mode_a,minus,0.4,0.01,2.5645442174459177e-05
maxwell,26092420,calibration_mode_a,minus,0.4,0.05,4.184083227268156e-05
maxwell,26092420,calibration_mode_b,plus,0.05,0.0,2.883644771682662e-05
maxwell,26092420,calibration_mode_b,plus,0.05,0.01,2.9556647995363168e-05
maxwell,26092420,calibration_mode_b,plus,0.05,0.05,3.2592738786262895e-05
maxwell,26092420,calibration_mode_b,plus,0.1,0.0,2.883644771682662e-05
maxwell,26092420,calibration_mode_b,plus,0.1,0.01,3.0195070644560668e-05
maxwell,26092420,calibration_mode_b,plus,0.1,0.05,3.611750908000949e-05
maxwell,26092420,calibration_mode_b,plus,0.2,0.0,2.883644771682662e-05
maxwell,26092420,calibration_mode_b,plus,0.2,0.01,3.1255209049660325e-05
maxwell,26092420,calibration_mode_b,plus,0.2,0.05,4.221238873461124e-05
maxwell,26092420,calibration_mode_b,plus,0.4,0.0,2.883644771682662e-05
maxwell,26092420,calibration_mode_b,plus,0.4,0.01,3.269955721044088e-05
maxwell,26092420,calibration_mode_b,plus,0.4,0.05,5.078001764322859e-05
maxwell,26092420,calibration_mode_b,minus,0.05,0.0,1.5645190468715805e-05
maxwell,26092420,calibration_mode_b,minus,0.05,0.01,1.5967654438434595e-05
maxwell,26092420,calibration_mode_b,minus,0.05,0.05,1.7602874979317833e-05
maxwell,26092420,calibration_mode_b,minus,0.1,0.0,1.5645190468715805e-05
maxwell,26092420,calibration_mode_b,minus,0.1,0.01,1.6277116141231418e-05
maxwell,26092420,calibration_mode_b,minus,0.1,0.05,1.990155461585188e-05
maxwell,26092420,calibration_mode_b,minus,0.2,0.0,1.5645190468715805e-05
maxwell,26092420,calibration_mode_b,minus,0.2,0.01,1.6837005231313194e-05
maxwell,26092420,calibration_mode_b,minus,0.2,0.05,2.449690825701147e-05
maxwell,26092420,calibration_mode_b,minus,0.4,0.0,1.5645190468715805e-05
maxwell,26092420,calibration_mode_b,minus,0.4,0.01,1.7693040114891174e-05
maxwell,26092420,calibration_mode_b,minus,0.4,0.05,3.174850511636821e-05
maxwell,26092421,calibration_mode_a,plus,0.05,0.0,2.215690097070489e-05
maxwell,26092421,calibration_mode_a,plus,0.05,0.01,2.2712853398239935e-05
maxwell,26092421,calibration_mode_a,plus,0.05,0.05,2.5161804399379705e-05
maxwell,26092421,calibration_mode_a,plus,0.1,0.0,2.215690097070489e-05
maxwell,26092421,calibration_mode_a,plus,0.1,0.01,2.3215141310937294e-05
maxwell,26092421,calibration_mode_a,plus,0.1,0.05,2.8155422208516172e-05
maxwell,26092421,calibration_mode_a,plus,0.2,0.0,2.215690097070489e-05
maxwell,26092421,calibration_mode_a,plus,0.2,0.01,2.406778311309813e-05
maxwell,26092421,calibration_mode_a,plus,0.2,0.05,3.3561993094721955e-05
maxwell,26092421,calibration_mode_a,plus,0.4,0.0,2.215690097070489e-05
maxwell,26092421,calibration_mode_a,plus,0.4,0.01,2.5268059657508205e-05
maxwell,26092421,calibration_mode_a,plus,0.4,0.05,4.147056439319267e-05
maxwell,26092421,calibration_mode_a,minus,0.05,0.0,2.252917851135065e-05
maxwell,26092421,calibration_mode_a,minus,0.05,0.01,2.308699267095566e-05
maxwell,26092421,calibration_mode_a,minus,0.05,0.05,2.554052745431028e-05
maxwell,26092421,calibration_mode_a,minus,0.1,0.0,2.252917851135065e-05
maxwell,26092421,calibration_mode_a,minus,0.1,0.01,2.3590584073708587e-05
maxwell,26092421,calibration_mode_a,minus,0.1,0.05,2.853537957589833e-05
maxwell,26092421,calibration_mode_a,minus,0.2,0.0,2.252917851135065e-05
maxwell,26092421,calibration_mode_a,minus,0.2,0.01,2.4444699412500763e-05
maxwell,26092421,calibration_mode_a,minus,0.2,0.05,3.393964612016354e-05
maxwell,26092421,calibration_mode_a,minus,0.4,0.0,2.252917851135065e-05
maxwell,26092421,calibration_mode_a,minus,0.4,0.01,2.5645442174457008e-05
maxwell,26092421,calibration_mode_a,minus,0.4,0.05,4.1840832272686315e-05
maxwell,26092421,calibration_mode_b,plus,0.05,0.0,2.883644771683511e-05
maxwell,26092421,calibration_mode_b,plus,0.05,0.01,2.955664799535378e-05
maxwell,26092421,calibration_mode_b,plus,0.05,0.05,3.259273878626085e-05
maxwell,26092421,calibration_mode_b,plus,0.1,0.0,2.883644771683511e-05
maxwell,26092421,calibration_mode_b,plus,0.1,0.01,3.019507064455854e-05
maxwell,26092421,calibration_mode_b,plus,0.1,0.05,3.611750908001868e-05
maxwell,26092421,calibration_mode_b,plus,0.2,0.0,2.883644771683511e-05
maxwell,26092421,calibration_mode_b,plus,0.2,0.01,3.1255209049669006e-05
maxwell,26092421,calibration_mode_b,plus,0.2,0.05,4.221238873460436e-05
maxwell,26092421,calibration_mode_b,plus,0.4,0.0,2.883644771683511e-05
maxwell,26092421,calibration_mode_b,plus,0.4,0.01,3.26995572104434e-05
maxwell,26092421,calibration_mode_b,plus,0.4,0.05,5.078001764324903e-05
maxwell,26092421,calibration_mode_b,minus,0.05,0.0,1.564519046869967e-05
maxwell,26092421,calibration_mode_b,minus,0.05,0.01,1.5967654438427523e-05
maxwell,26092421,calibration_mode_b,minus,0.05,0.05,1.7602874979306943e-05
maxwell,26092421,calibration_mode_b,minus,0.1,0.0,1.564519046869967e-05
maxwell,26092421,calibration_mode_b,minus,0.1,0.01,1.6277116141218323e-05
maxwell,26092421,calibration_mode_b,minus,0.1,0.05,1.9901554615841437e-05
maxwell,26092421,calibration_mode_b,minus,0.2,0.0,1.564519046869967e-05
maxwell,26092421,calibration_mode_b,minus,0.2,0.01,1.683700523129937e-05
maxwell,26092421,calibration_mode_b,minus,0.2,0.05,2.4496908257031512e-05
maxwell,26092421,calibration_mode_b,minus,0.4,0.0,1.564519046869967e-05
maxwell,26092421,calibration_mode_b,minus,0.4,0.01,1.7693040114891645e-05
maxwell,26092421,calibration_mode_b,minus,0.4,0.05,3.174850511636657e-05
maxwell,26092422,calibration_mode_a,plus,0.05,0.0,2.215690097067239e-05
maxwell,26092422,calibration_mode_a,plus,0.05,0.01,2.27128533981902e-05
maxwell,26092422,calibration_mode_a,plus,0.05,0.05,2.516180439936239e-05
maxwell,26092422,calibration_mode_a,plus,0.1,0.0,2.215690097067239e-05
maxwell,26092422,calibration_mode_a,plus,0.1,0.01,2.321514131091302e-05
maxwell,26092422,calibration_mode_a,plus,0.1,0.05,2.8155422208494692e-05
maxwell,26092422,calibration_mode_a,plus,0.2,0.0,2.215690097067239e-05
maxwell,26092422,calibration_mode_a,plus,0.2,0.01,2.4067783113078956e-05
maxwell,26092422,calibration_mode_a,plus,0.2,0.05,3.356199309470741e-05
maxwell,26092422,calibration_mode_a,plus,0.4,0.0,2.215690097067239e-05
maxwell,26092422,calibration_mode_a,plus,0.4,0.01,2.526805965748053e-05
maxwell,26092422,calibration_mode_a,plus,0.4,0.05,4.14705643931895e-05
maxwell,26092422,calibration_mode_a,minus,0.05,0.0,2.2529178511343332e-05
maxwell,26092422,calibration_mode_a,minus,0.05,0.01,2.3086992670951605e-05
maxwell,26092422,calibration_mode_a,minus,0.05,0.05,2.5540527454336175e-05
maxwell,26092422,calibration_mode_a,minus,0.1,0.0,2.2529178511343332e-05
maxwell,26092422,calibration_mode_a,minus,0.1,0.01,2.3590584073690013e-05
maxwell,26092422,calibration_mode_a,minus,0.1,0.05,2.8535379575905084e-05
maxwell,26092422,calibration_mode_a,minus,0.2,0.0,2.2529178511343332e-05
maxwell,26092422,calibration_mode_a,minus,0.2,0.01,2.444469941247563e-05
maxwell,26092422,calibration_mode_a,minus,0.2,0.05,3.393964612015824e-05
maxwell,26092422,calibration_mode_a,minus,0.4,0.0,2.2529178511343332e-05
maxwell,26092422,calibration_mode_a,minus,0.4,0.01,2.5645442174446986e-05
maxwell,26092422,calibration_mode_a,minus,0.4,0.05,4.184083227267644e-05
maxwell,26092422,calibration_mode_b,plus,0.05,0.0,2.8836447716830403e-05
maxwell,26092422,calibration_mode_b,plus,0.05,0.01,2.9556647995372692e-05
maxwell,26092422,calibration_mode_b,plus,0.05,0.05,3.259273878626109e-05
maxwell,26092422,calibration_mode_b,plus,0.1,0.0,2.8836447716830403e-05
maxwell,26092422,calibration_mode_b,plus,0.1,0.01,3.0195070644565845e-05
maxwell,26092422,calibration_mode_b,plus,0.1,0.05,3.6117509080018544e-05
maxwell,26092422,calibration_mode_b,plus,0.2,0.0,2.8836447716830403e-05
maxwell,26092422,calibration_mode_b,plus,0.2,0.01,3.1255209049664316e-05
maxwell,26092422,calibration_mode_b,plus,0.2,0.05,4.221238873460112e-05
maxwell,26092422,calibration_mode_b,plus,0.4,0.0,2.8836447716830403e-05
maxwell,26092422,calibration_mode_b,plus,0.4,0.01,3.269955721045648e-05
maxwell,26092422,calibration_mode_b,plus,0.4,0.05,5.078001764323953e-05
maxwell,26092422,calibration_mode_b,minus,0.05,0.0,1.5645190468704628e-05
maxwell,26092422,calibration_mode_b,minus,0.05,0.01,1.5967654438428794e-05
maxwell,26092422,calibration_mode_b,minus,0.05,0.05,1.760287497930318e-05
maxwell,26092422,calibration_mode_b,minus,0.1,0.0,1.5645190468704628e-05
maxwell,26092422,calibration_mode_b,minus,0.1,0.01,1.6277116141235064e-05
maxwell,26092422,calibration_mode_b,minus,0.1,0.05,1.9901554615864673e-05
maxwell,26092422,calibration_mode_b,minus,0.2,0.0,1.5645190468704628e-05
maxwell,26092422,calibration_mode_b,minus,0.2,0.01,1.6837005231310202e-05
maxwell,26092422,calibration_mode_b,minus,0.2,0.05,2.4496908257015557e-05
maxwell,26092422,calibration_mode_b,minus,0.4,0.0,1.5645190468704628e-05
maxwell,26092422,calibration_mode_b,minus,0.4,0.01,1.7693040114873654e-05
maxwell,26092422,calibration_mode_b,minus,0.4,0.05,3.174850511636446e-05
maxwell,26092423,calibration_mode_a,plus,0.05,0.0,2.2156900970682544e-05
maxwell,26092423,calibration_mode_a,plus,0.05,0.01,2.271285339820183e-05
maxwell,26092423,calibration_mode_a,plus,0.05,0.05,2.516180439936112e-05
maxwell,26092423,calibration_mode_a,plus,0.1,0.0,2.2156900970682544e-05
maxwell,26092423,calibration_mode_a,plus,0.1,0.01,2.3215141310919245e-05
maxwell,26092423,calibration_mode_a,plus,0.1,0.05,2.8155422208488803e-05
maxwell,26092423,calibration_mode_a,plus,0.2,0.0,2.2156900970682544e-05
maxwell,26092423,calibration_mode_a,plus,0.2,0.01,2.406778311307141e-05
maxwell,26092423,calibration_mode_a,plus,0.2,0.05,3.356199309470965e-05
maxwell,26092423,calibration_mode_a,plus,0.4,0.0,2.2156900970682544e-05
maxwell,26092423,calibration_mode_a,plus,0.4,0.01,2.5268059657467872e-05
maxwell,26092423,calibration_mode_a,plus,0.4,0.05,4.1470564393180745e-05
maxwell,26092423,calibration_mode_a,minus,0.05,0.0,2.2529178511344782e-05
maxwell,26092423,calibration_mode_a,minus,0.05,0.01,2.3086992670950856e-05
maxwell,26092423,calibration_mode_a,minus,0.05,0.05,2.5540527454324056e-05
maxwell,26092423,calibration_mode_a,minus,0.1,0.0,2.2529178511344782e-05
maxwell,26092423,calibration_mode_a,minus,0.1,0.01,2.3590584073700967e-05
maxwell,26092423,calibration_mode_a,minus,0.1,0.05,2.853537957591291e-05
maxwell,26092423,calibration_mode_a,minus,0.2,0.0,2.2529178511344782e-05
maxwell,26092423,calibration_mode_a,minus,0.2,0.01,2.4444699412475803e-05
maxwell,26092423,calibration_mode_a,minus,0.2,0.05,3.393964612015796e-05
maxwell,26092423,calibration_mode_a,minus,0.4,0.0,2.2529178511344782e-05
maxwell,26092423,calibration_mode_a,minus,0.4,0.01,2.5645442174461118e-05
maxwell,26092423,calibration_mode_a,minus,0.4,0.05,4.1840832272689174e-05
maxwell,26092423,calibration_mode_b,plus,0.05,0.0,2.883644771682617e-05
maxwell,26092423,calibration_mode_b,plus,0.05,0.01,2.9556647995352437e-05
maxwell,26092423,calibration_mode_b,plus,0.05,0.05,3.259273878625855e-05
maxwell,26092423,calibration_mode_b,plus,0.1,0.0,2.883644771682617e-05
maxwell,26092423,calibration_mode_b,plus,0.1,0.01,3.0195070644560993e-05
maxwell,26092423,calibration_mode_b,plus,0.1,0.05,3.6117509080003765e-05
maxwell,26092423,calibration_mode_b,plus,0.2,0.0,2.883644771682617e-05
maxwell,26092423,calibration_mode_b,plus,0.2,0.01,3.1255209049660135e-05
maxwell,26092423,calibration_mode_b,plus,0.2,0.05,4.221238873460824e-05
maxwell,26092423,calibration_mode_b,plus,0.4,0.0,2.883644771682617e-05
maxwell,26092423,calibration_mode_b,plus,0.4,0.01,3.269955721044165e-05
maxwell,26092423,calibration_mode_b,plus,0.4,0.05,5.078001764323577e-05
maxwell,26092423,calibration_mode_b,minus,0.05,0.0,1.5645190468710265e-05
maxwell,26092423,calibration_mode_b,minus,0.05,0.01,1.5967654438433405e-05
maxwell,26092423,calibration_mode_b,minus,0.05,0.05,1.76028749793127e-05
maxwell,26092423,calibration_mode_b,minus,0.1,0.0,1.5645190468710265e-05
maxwell,26092423,calibration_mode_b,minus,0.1,0.01,1.627711614124825e-05
maxwell,26092423,calibration_mode_b,minus,0.1,0.05,1.9901554615849538e-05
maxwell,26092423,calibration_mode_b,minus,0.2,0.0,1.5645190468710265e-05
maxwell,26092423,calibration_mode_b,minus,0.2,0.01,1.6837005231325164e-05
maxwell,26092423,calibration_mode_b,minus,0.2,0.05,2.4496908257016686e-05
maxwell,26092423,calibration_mode_b,minus,0.4,0.0,1.5645190468710265e-05
maxwell,26092423,calibration_mode_b,minus,0.4,0.01,1.7693040114876517e-05
maxwell,26092423,calibration_mode_b,minus,0.4,0.05,3.1748505116370295e-05
